0.781053841,0.183119277,0,0.001164484,0,0.006186952,0.131083244,0,-0.007389737,0,0.042454328,0,0,-0.154968649,0.024063219,0.016348977,0,0.041682329,0,-0.01446873,0,0,-0.046368083,0.044298561,0.026337932,0,0,0,0.025702204,0,0.023158224,0,0.025998456,0,-0.003453184,-0.013668151,0,0.011523241,0.059697124,0.258953994,0,0,0,0.038626478,0.067400602,0,0.246110369
0.183119277,0.77612911,0,0,0,0.125938891,-0.059586074,0,0,0.010252894,0.077690905,0.00237022,0,0,-0.007744547,0.03532505,-0.010375471,0.013839309,0,0.001521361,-0.093929234,-0.087739647,-0.087745608,0.045504407,-0.075234469,-0.020120192,0.020768288,0,0,-0.020312046,0,0.006611559,0,0,-0.000121598,0,0,0.015796311,0,0,0,0,0,0.037562729,0.046493437,0,0
0,0,0.794332923,0.78042411,0.148353101,-0.009191347,-0.003073972,0.000395583,-0.004858636,0,7.96E-05,0.010190611,0,0,-0.009590603,0,-0.014972962,0,0,0,0.008870499,0,0.001898937,0,-0.015843578,0.055543453,0,-0.005748104,0,0.0046356,0.027472676,0.022576966,0.019094021,-0.003834668,-0.001997199,-0.004686766,-0.006613982,0.00859205,-0.000482504,0.044009589,0.003753969,0.000581004,0.003903737,0,-0.001778078,0,0
0.001164484,0,0.78042411,0.792623582,0.175889566,-0.007261774,0,0,0,0.011071374,-0.005108281,0,-0.008797016,0.00145553,0,0.002929939,0,0,-0.008830243,-0.001413757,0,-0.008280515,0,0.006726933,-0.010374325,0.068529682,0,0,-0.005705811,0,0.0276345,0.021644764,0.014500674,-0.00572919,-0.003825431,0,0,0,0,0.024404153,0,0,0,0.007183849,0.005698232,-0.00878357,0
0,0,0.148353101,0.175889566,0.799424055,-0.061670209,0,0,0.00187494,0,0.01523885,0,0,0,0,0.062626407,0.062814443,0,0,0,0,0,0.06001245,0,0,0,0,-0.011395456,0.004104094,-0.068852296,0.063555529,0.013389119,-0.043031189,-0.018466314,-0.017852383,0,0,0.075110278,0.009840248,0,0,0.00806744,0,0,0.01706938,-0.062450385,0
0.006186952,0.125938891,-0.009191347,-0.007261774,-0.061670209,0.759439169,0.201204343,0.078835857,-0.039506361,-0.056142623,0,0.00925858,0,-0.004173144,-0.025224562,0.034855145,0,0.000362435,0.028518208,0,0,0,-0.041137099,0.047324503,-0.016006834,0,0,0,0.088813349,0.02781887,0.007858792,0.027773987,0.021730564,-0.002689043,0,-0.028613018,0,0,0.054620304,-0.016537407,0,0.012477041,-0.033804678,0.327496739,0.210351081,0,0.015862308
0.131083244,-0.059586074,-0.003073972,0,0,0.201204343,0.712469298,0.113699562,0.228039119,0.046231995,0,0.010430482,0,-0.013887757,0.010609266,0.018698123,0,0.008195299,-0.000209869,0,0.035487051,0,0,0,0.022021519,0,-0.016039976,0,0,0,0,0.016248445,-0.02284316,0,0.003405417,-0.109179974,0,0.017259768,0.10727387,0.145782211,0,0,0,-0.088232726,-0.120213972,-0.006944696,0.52971989
0,0,0.000395583,0,0,0.078835857,0.113699562,0.784535589,0.307777364,-0.168411108,-0.117039916,0.007872785,0,0,0,-0.008525693,0.023284036,0,0,0,0,0,0.009826701,0,-0.00317873,0.001164696,0,0.047743469,0,0,0,0.01881792,0.020436978,-0.003846501,-0.003796295,0.071393413,-1.88E-05,-0.004623073,0.035543177,0.001825624,0,0,0.031558476,-0.023848811,-0.039679104,0,-0.028957245
-0.007389737,0,-0.004858636,0,0.00187494,-0.039506361,0.228039119,0.307777364,0.747237435,0.397986911,0.066482738,0,-0.022154801,0,-0.000243751,0,0,0,0,0.001657461,0.019300549,0,0.010175035,0,0,0,0,0,-0.040761155,0.021418741,0,0.002207762,-0.007803786,0,0.004905468,0,0,0,0.042869216,0.040358838,0.025983857,-0.004515626,0,-0.131800494,-0.100482251,0,0.04981717
0,0.010252894,0,0.011071374,0,-0.056142623,0.046231995,-0.168411108,0.397986911,0.807387443,0.058788235,0,0,0,0,-0.024468687,0,0,0.009210439,0,0,0,0,0,0,-0.005578198,3.52E-05,-0.014825298,0,0,0.023623429,0,0,-0.001926175,0.000940854,0,0,0.022030604,0.003244467,0,-0.001990901,0.007820834,0,-0.083760622,-0.065394637,0,0
0.042454328,0.077690905,7.96E-05,-0.005108281,0.01523885,0,0,-0.117039916,0.066482738,0.058788235,0.804496822,0.010940057,0.014339391,0.027593622,0,0.039505093,0,0.04347577,0,-0.018981357,0,-0.010509233,0,0.028744383,0,0,0.007380168,0.003262172,0.113625601,0,0,0.005545707,-0.003872434,-0.006437654,-0.001335984,0.127568108,0,0,0.000704957,0,0,0,0,0,0,-0.017028271,0.015927574
0,0.00237022,0.010190611,0,0,0.00925858,0.010430482,0.007872785,0,0,0.010940057,0.684864902,-0.040353497,-0.002356483,-0.012314701,0.048151204,0.050555522,0.043377594,0.213297486,0.005050957,0,0,0,0.118778782,0.26536895,0.072699277,0,0,0.0976735,0.29952683,0,0.357894339,0.277564015,0.357800731,0.354376455,0.04487277,0.024579037,0.084624421,0.077066144,0,0.050995113,0.24762943,0.225389669,0,-0.015703661,0,0.004078446
0,0,0,-0.008797016,0,0,0,0,-0.022154801,0,0.014339391,-0.040353497,0.864226431,0,0,0,0,0,0,0,0,0,0,0.000335005,0,0,-0.071061531,0,0,-0.038749933,-0.006106771,0,0,0.001793576,0,0.001204085,0.015505615,0,0,0.035644507,0,0,0,-0.016788248,0,0.140008238,0
-0.154968649,0,0,0.00145553,0,-0.004173144,-0.013887757,0,0,0,0.027593622,-0.002356483,0,0.794454358,0.016899529,-0.124367914,0,0.01475661,0,0.123315399,-0.150175968,0,0.09418551,0,0.002194704,0,0.017600591,0.095320236,0,0,0,0,0.000177966,-0.001437372,0,0,0,-0.038619922,0.031121187,0.026741165,0,0,0,0,0,0,-0.060426594
0.024063219,-0.007744547,-0.009590603,0,0,-0.025224562,0.010609266,0,-0.000243751,0,0,-0.012314701,0,0.016899529,0.7970111,0,0,-0.026737066,0,0,0.034256561,0.024786767,0,-0.027474374,0,0,0,0.514230974,0.082926464,0,0.015892847,0,0,0,0.001291244,0,0,9.89E-05,0.121547628,-0.029696243,0,-0.012916487,0,0,0,-0.02180123,0.029039882
0.016348977,0.03532505,0,0.002929939,0.062626407,0.034855145,0.018698123,-0.008525693,0,-0.024468687,0.039505093,0.048151204,0,-0.124367914,0,0.708344634,0.304345818,0.257476589,0,-0.015511724,0.181526677,0,0,0.101483777,0,0,0.018198957,0.141787934,0.076422792,0.105301926,0.056893207,0,0,-0.002169457,0,-0.023010722,0,0.116831507,0.046127243,0.044556856,0,0,-0.03199956,0,0,0,0.005903134
0,-0.010375471,-0.014972962,0,0.062814443,0,0,0.023284036,0,0,0,0.050555522,0,0,0,0.304345818,0.783529857,0.430629703,0,-0.012428918,0,0,0.047728405,0.049783721,0.067377725,0.000406502,-0.013154626,0,0.002260934,0.048147453,0,0.014729107,0.027041212,-0.003218763,0,0,0.047243814,0.175581009,0.063699069,0.064485523,0,0,0,0.009101911,0,-0.03881094,0
0.041682329,0.013839309,0,0,0,0.000362435,0.008195299,0,0,0,0.04347577,0.043377594,0,0.01475661,-0.026737066,0.257476589,0.430629703,0.745529353,0.115689768,0.005029501,0,0,0,0.016838199,0,-0.01463919,0,0,0,0.105508503,0.037044704,0.014200045,0.050659853,0.001519608,0.008548933,-0.007830221,0,0.128024328,0.074974791,0.203294964,-0.041109789,0,-0.043129617,0,0,-0.063749262,0.052507419
0,0,0,-0.008830243,0,0.028518208,-0.000209869,0,0,0.009210439,0,0.213297486,0,0,0,0,0,0.115689768,0.810600605,0,0,0,0.008379242,0.050722306,0.04031088,0.029628419,0,0,0,0.079320523,0.000182243,0.10373913,0.116255924,0.117032072,0.114680134,0.007160122,0.041844349,0.073492579,0,0,0,0.025487036,0.010216698,0.017691283,0,-0.091022708,0
-0.01446873,0.001521361,0,-0.001413757,0,0,0,0,0.001657461,0,-0.018981357,0.005050957,0,0.123315399,0,-0.015511724,-0.012428918,0.005029501,0,0.825258348,0.098653018,0.017944881,-0.000210444,-0.079271497,-0.006925648,0,0,0,0.049492263,0,0.009535105,0,0,-0.002601466,0,0.041710127,0,0,0.020360803,-0.165205016,0,-0.022093691,-0.029858135,0,0.007330874,0,0
0,-0.093929234,0.008870499,0,0,0,0.035487051,0,0.019300549,0,0,0,0,-0.150175968,0.034256561,0.181526677,0,0,0,0.098653018,0.785995647,0.19313387,0.093048087,0,0,-0.043591286,0,0.041798451,0,0,0.042560366,0,0,0.00098402,0,-0.031387924,0,0.007246334,0,0,0,-0.01619155,0,0,-2.15E-05,0,0.029257841
0,-0.087739647,0,-0.008280515,0,0,0,0,0,0,-0.010509233,0,0,0,0.024786767,0,0,0,0,0.017944881,0.19313387,0.822679729,0.333971386,0.058700184,-0.024583164,0,0,0,0,0,0,0,0,0,-0.001474073,-0.002535648,0,-0.003784796,0,0.048082259,0,0,0,0,-0.011347177,0,0
-0.046368083,-0.087745608,0.001898937,0,0.06001245,-0.041137099,0,0.009826701,0.010175035,0,0,0,0,0.09418551,0,0,0.047728405,0,0.008379242,-0.000210444,0.093048087,0.333971386,0.793175209,0,0.095904237,0.00878902,0,0,0.071252722,0.000711493,0,0.000766241,0,-0.003173535,-0.000879159,-0.005112712,0,0,0,0,0,0,0,0,0.003681573,-0.000161288,0.014214543
0.044298561,0.045504407,0,0.006726933,0,0.047324503,0,0,0,0,0.028744383,0.118778782,0.000335005,0,-0.027474374,0.101483777,0.049783721,0.016838199,0.050722306,-0.079271497,0,0.058700184,0,0.768424973,0.126609663,0,0.00349106,0.003351275,0.012640837,0.250964979,0.009706981,0.095200653,0.06657115,0.092847589,0.091939199,0,0,0,-0.014283062,0,0,0.13587227,0.096144971,0.034205497,0,-0.056911052,-0.05222089
0.026337932,-0.075234469,-0.015843578,-0.010374325,0,-0.016006834,0.022021519,-0.00317873,0,0,0,0.26536895,0,0.002194704,0,0,0.067377725,0,0.04031088,-0.006925648,0,-0.024583164,0.095904237,0.126609663,0.708956515,0.13301375,0,0,0.093171755,0.288953075,0.004291142,0.197302449,0.209666626,0.217029222,0.218242582,0.054672572,0,0.077402453,0.049713742,0.003901471,0.050608019,0.304379292,0.363860457,0.007253369,-0.000101651,0.000417051,0
0,-0.020120192,0.055543453,0.068529682,0,0,0,0.001164696,0,-0.005578198,0,0.072699277,0,0,0,0,0.000406502,-0.01463919,0.029628419,0,-0.043591286,0,0.00878902,0,0.13301375,0.778664858,0.311445478,-0.004426772,0.021772906,0.023724016,0.11767084,0.023887916,0.07391365,0.003278789,0,0.073024346,0,0.005011422,0,-0.005232113,0,0.130623255,0.114016174,0.030919163,0.016254384,-0.001860484,-0.016835459
0,0.020768288,0,0,0,0,-0.016039976,0,0,3.52E-05,0.007380168,0,-0.071061531,0.017600591,0,0.018198957,-0.013154626,0,0,0,0,0,0,0.00349106,0,0.311445478,0.816726665,0.000666619,0,0.02339035,0.228480405,0.022748408,0,0,-0.000171811,0,0,0,0,0.009898363,0.041232776,0.039439156,0,0,0,0,0.031736928
0,0,-0.005748104,0,-0.011395456,0,0,0.047743469,0,-0.014825298,0.003262172,0,0,0.095320236,0.514230974,0.141787934,0,0,0,0,0.041798451,0,0,0.003351275,0,-0.004426772,0.000666619,0.801172586,0,0.032336434,0,0.007591581,0,0,-0.000158812,-0.00213002,0,0,0,-0.04706113,0,0,0,0,-0.00279138,0.003434663,-0.004095354
0.025702204,0,0,-0.005705811,0.004104094,0.088813349,0,0,-0.040761155,0,0.113625601,0.0976735,0,0,0.082926464,0.076422792,0.002260934,0,0,0.049492263,0,0,0.071252722,0.012640837,0.093171755,0.021772906,0,0,0.778755501,0.10613567,0,0.000249692,0,0,-1.71E-05,0.106155529,0,0.018009841,0.185189964,0,0,0.064507901,0.046773602,0.025967719,0,-0.017432275,-0.011539519
0,-0.020312046,0.0046356,0,-0.068852296,0.02781887,0,0,0.021418741,0,0,0.29952683,-0.038749933,0,0,0.105301926,0.048147453,0.105508503,0.079320523,0,0,0,0.000711493,0.250964979,0.288953075,0.023724016,0.02339035,0.032336434,0.10613567,0.680519832,0.016859816,0.19312865,0.23544358,0.233636802,0.235304428,0,0.048791963,0.142572156,0.132228252,0.057528311,0.061136741,0.221099799,0.200733572,-0.004098168,-0.008914865,0.036429556,0.012774565
0.023158224,0,0.027472676,0.0276345,0.063555529,0.007858792,0,0,0,0.023623429,0,0,-0.006106771,0,0.015892847,0.056893207,0,0.037044704,0.000182243,0.009535105,0.042560366,0,0,0.009706981,0.004291142,0.11767084,0.228480405,0,0,0.016859816,0.720097689,-0.013680696,-0.170257856,-0.109619496,-0.107236914,-0.067332682,0,0.113422841,0.07756536,0.100050884,0,0.081809435,0.044776716,0,0.007823672,0.088297587,0.012823989
0,0.006611559,0.022576966,0.021644764,0.013389119,0.027773987,0.016248445,0.01881792,0.002207762,0,0.005545707,0.357894339,0,0,0,0,0.014729107,0.014200045,0.10373913,0,0,0,0.000766241,0.095200653,0.197302449,0.023887916,0.022748408,0.007591581,0.000249692,0.19312865,-0.013680696,0.781021929,0.399432894,0.627665888,0.626751202,0.07883885,0,-0.006595152,0.026599138,0,-0.021574032,0.137212614,0.054785101,0.014556853,0,0.110869893,0
0.025998456,0,0.019094021,0.014500674,-0.043031189,0.021730564,-0.02284316,0.020436978,-0.007803786,0,-0.003872434,0.277564015,0,0.000177966,0,0,0.027041212,0.050659853,0.116255924,0,0,0,0,0.06657115,0.209666626,0.07391365,0,0,0,0.23544358,-0.170257856,0.399432894,0.703903377,0.500108305,0.500483701,0.196020983,0,0,0,0,-0.089876745,0.112227547,0,0.040993637,0.025173904,-0.032349588,-0.052256046
0,0,-0.003834668,-0.00572919,-0.018466314,-0.002689043,0,-0.003846501,0,-0.001926175,-0.006437654,0.357800731,0.001793576,-0.001437372,0,-0.002169457,-0.003218763,0.001519608,0.117032072,-0.002601466,0.00098402,0,-0.003173535,0.092847589,0.217029222,0.003278789,0,0,0,0.233636802,-0.109619496,0.627665888,0.500108305,0.763842554,0.761136596,0.07077016,-0.003749166,-0.00279817,0.01596612,-0.026091884,0.003004261,0.134967799,0.008734486,0.011361871,-0.00200983,-0.021671145,-0.005763415
-0.003453184,-0.000121598,-0.001997199,-0.003825431,-0.017852383,0,0.003405417,-0.003796295,0.004905468,0.000940854,-0.001335984,0.354376455,0,0,0.001291244,0,0,0.008548933,0.114680134,0,0,-0.001474073,-0.000879159,0.091939199,0.218242582,0,-0.000171811,-0.000158812,-1.71E-05,0.235304428,-0.107236914,0.626751202,0.500483701,0.761136596,0.760114461,0.078361941,0,0,0.020868879,-0.023346442,0,0.132789485,0.008959098,0.014288736,0,-0.02348805,-0.004959772
-0.013668151,0,-0.004686766,0,0,-0.028613018,-0.109179974,0.071393413,0,0,0.127568108,0.04487277,0.001204085,0,0,-0.023010722,0,-0.007830221,0.007160122,0.041710127,-0.031387924,-0.002535648,-0.005112712,0,0.054672572,0.073024346,0,-0.00213002,0.106155529,0,-0.067332682,0.07883885,0.196020983,0.07077016,0.078361941,0.702244134,0.034457599,-0.09084162,-0.049391968,-0.10011211,-0.083233176,0,-0.041331032,0.249663675,0.212401196,0.000911787,-0.12913516
0,0,-0.006613982,0,0,0,0,-1.88E-05,0,0,0,0.024579037,0.015505615,0,0,0,0.047243814,0,0.041844349,0,0,0,0,0,0,0,0,0,0,0.048791963,0,0,0,-0.003749166,0,0.034457599,0.838208233,0.17192066,0,0,0,0,0,0,0,0.332503446,0
0.011523241,0.015796311,0.00859205,0,0.075110278,0,0.017259768,-0.004623073,0,0.022030604,0,0.084624421,0,-0.038619922,9.89E-05,0.116831507,0.175581009,0.128024328,0.073492579,0,0.007246334,-0.003784796,0,0,0.077402453,0.005011422,0,0,0.018009841,0.142572156,0.113422841,-0.006595152,0,-0.00279817,0,-0.09084162,0.17192066,0.708440484,0.196361075,0.13613446,0.014843597,0.131485988,0.116610638,-0.043111178,0.004216646,0,0.033295467
0.059697124,0,-0.000482504,0,0.009840248,0.054620304,0.10727387,0.035543177,0.042869216,0.003244467,0.000704957,0.077066144,0,0.031121187,0.121547628,0.046127243,0.063699069,0.074974791,0,0.020360803,0,0,0,-0.014283062,0.049713742,0,0,0,0.185189964,0.132228252,0.07756536,0.026599138,0,0.01596612,0.020868879,-0.049391968,0,0.196361075,0.717961074,0.157901391,0.026798838,0.102906222,0.048352532,-0.026549158,0,0.010059868,0.115969295
0.258953994,0,0.044009589,0.024404153,0,-0.016537407,0.145782211,0.001825624,0.040358838,0,0,0,0.035644507,0.026741165,-0.029696243,0.044556856,0.064485523,0.203294964,0,-0.165205016,0,0.048082259,0,0,0.003901471,-0.005232113,0.009898363,-0.04706113,0,0.057528311,0.100050884,0,0,-0.026091884,-0.023346442,-0.10011211,0,0.13613446,0.157901391,0.709911827,0,0.046912947,0,-0.003864026,0.032340272,-0.018943365,0.216621307
0,0,0.003753969,0,0,0,0,0,0.025983857,-0.001990901,0,0.050995113,0,0,0,0,0,-0.041109789,0,0,0,0,0,0,0.050608019,0,0.041232776,0,0,0.061136741,0,-0.021574032,-0.089876745,0.003004261,0,-0.083233176,0,0.014843597,0.026798838,0,0.838840095,0.024304889,0.07537677,0,-0.021237832,-1.42E-05,0.010918562
0,0,0.000581004,0,0.00806744,0.012477041,0,0,-0.004515626,0.007820834,0,0.24762943,0,0,-0.012916487,0,0,0,0.025487036,-0.022093691,-0.01619155,0,0,0.13587227,0.304379292,0.130623255,0.039439156,0,0.064507901,0.221099799,0.081809435,0.137212614,0.112227547,0.134967799,0.132789485,0,0,0.131485988,0.102906222,0.046912947,0.024304889,0.738575946,0.373541813,0,0,0.01991618,0.012385953
0,0,0.003903737,0,0,-0.033804678,0,0.031558476,0,0,0,0.225389669,0,0,0,-0.03199956,0,-0.043129617,0.010216698,-0.029858135,0,0,0,0.096144971,0.363860457,0.114016174,0,0,0.046773602,0.200733572,0.044776716,0.054785101,0,0.008734486,0.008959098,-0.041331032,0,0.116610638,0.048352532,0,0.07537677,0.373541813,0.79140492,0.003048009,0.003365935,0,0
0.038626478,0.037562729,0,0.007183849,0,0.327496739,-0.088232726,-0.023848811,-0.131800494,-0.083760622,0,0,-0.016788248,0,0,0,0.009101911,0,0.017691283,0,0,0,0,0.034205497,0.007253369,0.030919163,0,0,0.025967719,-0.004098168,0,0.014556853,0.040993637,0.011361871,0.014288736,0.249663675,0,-0.043111178,-0.026549158,-0.003864026,0,0,0.003048009,0.732851743,0.682687383,-0.011456468,-0.090596333
0.067400602,0.046493437,-0.001778078,0.005698232,0.01706938,0.210351081,-0.120213972,-0.039679104,-0.100482251,-0.065394637,0,-0.015703661,0,0,0,0,0,0,0,0.007330874,-2.15E-05,-0.011347177,0.003681573,0,-0.000101651,0.016254384,0,-0.00279138,0,-0.008914865,0.007823672,0,0.025173904,-0.00200983,0,0.212401196,0,0.004216646,0,0.032340272,-0.021237832,0,0.003365935,0.682687383,0.770315419,0.012320459,-0.066256978
0,0,0,-0.00878357,-0.062450385,0,-0.006944696,0,0,0,-0.017028271,0,0.140008238,0,-0.02180123,0,-0.03881094,-0.063749262,-0.091022708,0,0,0,-0.000161288,-0.056911052,0.000417051,-0.001860484,0,0.003434663,-0.017432275,0.036429556,0.088297587,0.110869893,-0.032349588,-0.021671145,-0.02348805,0.000911787,0.332503446,0,0.010059868,-0.018943365,-1.42E-05,0.01991618,0,-0.011456468,0.012320459,0.7752348,-0.032579044
0.246110369,0,0,0,0,0.015862308,0.52971989,-0.028957245,0.04981717,0,0.015927574,0.004078446,0,-0.060426594,0.029039882,0.005903134,0,0.052507419,0,0,0.029257841,0,0.014214543,-0.05222089,0,-0.016835459,0.031736928,-0.004095354,-0.011539519,0.012774565,0.012823989,0,-0.052256046,-0.005763415,-0.004959772,-0.12913516,0,0.033295467,0.115969295,0.216621307,0.010918562,0.012385953,0,-0.090596333,-0.066256978,-0.032579044,0.731212736
0.716602757,0.149373909,-0.000295087,0.001025188,0,0,0.063261424,0,-0.012179295,0,0.005402068,0,0,-0.106049736,0,0,0,0,0,0,0,0,0,0.020996149,0.009505244,0,0,0,0,0,0.000927481,0,0.014372406,0,-0.00388877,0,0,0,0.010959789,0.191004028,0,0,0,0,0.013312482,0,0.152430637
0.149373909,0.737960364,0,0,0,0.102713274,-0.050340851,0,0,0,0.041116216,0,0,0,0,0.004774012,-0.003873842,0,0,0,-0.041336162,-0.029855145,-0.030362554,0.006394807,-0.035590863,0,0,0,0,-0.000443187,0,0,0,0,-6.42E-05,0,0,0,0,0,0,0,0,0,0.001680613,0,0
-0.000295087,0,0.713881391,0.697705487,0.072552785,-4.13E-05,-0.001181128,0,-0.002429251,0,0.003139356,0.008488484,0,0,-0.004154204,0,-0.011534595,0,0,0.0002338,0.00490919,0.001757418,0.000687415,0,-0.005774692,0,0,-0.00125381,0.001242192,1.29E-05,0,0,0.002435786,-0.001777443,0,-7.52E-06,-0.007104079,0.006751022,-0.000402862,0.018992774,0.002097259,0,0.003959174,0,-0.00166888,0,0
0.001025188,0,0.697705487,0.70716233,0.098577972,0,0,0,0,0.007385484,0,0,-0.00656926,0.000144878,0,0.001929632,0,0,-0.006544377,0,0,-0.002298044,0,0.004656913,0,0.012694802,0,0,-0.003668748,0,0.000155775,0.000849626,0,-0.001724699,0,0,0,0,0,0,0,0,0,0.003003815,0.002200289,-0.00756708,0
0,0,0.072552785,0.098577972,0.76750486,-0.019692268,0,0,0,0,0,0,0,0,0,0.030601215,0.010905158,0,0,0,0,0,0.033239431,0,0,0,0,0,0,-0.028055723,0.026109088,0.013490673,0,-0.000241066,0,0,0,0.035638483,0,0,0,0,0,0,0.000500396,-0.03370015,0
0,0.102713274,-4.13E-05,0,-0.019692268,0.69929989,0.176458827,0.039743148,-0.012464106,0,0,0,0,0,-0.003113635,0.00605335,0,0,0,0,0,0,-0.003802607,0,0,0,0,0,0.035578332,0.001134574,0,0.01140535,0.010698744,-0.003286631,0,-0.017469902,0,0,0.017791804,0,0,0.00802265,-0.01284755,0.257592195,0.140585497,0,0
0.063261424,-0.050340851,-0.001181128,0,0,0.176458827,0.610618225,0.07316371,0.160053027,0.024868145,0,0,0,0,0,0,0,0,0,0,0,0,0,0,0.012747985,0,-0.007032348,0,0,0,0,0,0,-0.001531931,0.001757383,-0.033713299,0,0,0.044618808,0.07304068,0,0,0,-0.012149154,-0.046446426,0,0.448507382
0,0,0,0,0,0.039743148,0.07316371,0.710641355,0.272078925,-0.14230654,-0.082152087,0,0,0,0,-0.003916644,0.005459957,0,0,0,0,0,0,0,0,0,0,0.030074233,0,0,0,0.01586187,0.007403846,0,-0.000755983,0.042269209,0,0,0,0,0,0,0.010996344,0,0,0,-0.025905327
-0.012179295,0,-0.002429251,0,0,-0.012464106,0.160053027,0.272078925,0.658105273,0.344234176,0.036008693,0,-0.003311377,0,0,0,0,0,0,0,6.39E-05,0,0,0,0,0,0,0,-0.027561477,0.021300212,0,0,-0.010626676,0,0.003789494,0,0,0,0.008326764,0.015004429,0.007750873,0,0,-0.038071423,-0.003667933,0,0.014749653
0,0,0,0.007385484,0,0,0.024868145,-0.14230654,0.344234176,0.750434749,0,0,0,0,0,0,0,0,0,0,0,0,0,0,0,0,0,0,0,0,0.003175823,0,0,-0.001320016,0.000810351,0,0,0.011141227,0,0,0,0,0,-0.012017375,0,0,0
0.005402068,0.041116216,0.003139356,0,0,0,0,-0.082152087,0.036008693,0,0.778837652,0,0,0.000736751,0,0.005151366,0,0.017957511,0,0,0,0,0,0,0,0,0,0,0.075305052,0,0,0,0,-0.004190501,0,0.07478016,0,0,0,0,0,0,0,0,0,0,0
0,0,0.008488484,0,0,0,0,0,0,0,0,0.567289176,-0.001408691,0,0,0.007927003,0.002159268,0,0.137690519,0,0,0,0,0.026317426,0.143975039,0.017949076,0,0,0.053771439,0.177282055,0,0.244694673,0.166971598,0.231939906,0.228302605,0,0,0.021701501,0.029238167,0,0.00242275,0.12977437,0.133538715,0,-0.001158497,0,0
0,0,0,-0.00656926,0,0,0,0,-0.003311377,0,0,-0.001408691,0.827338634,0,0,0,0,0,0,0,0,0,0,0,0,0,-0.023184967,0,0,-0.000273614,0,0,0,0.001618952,0,0,0,0,0,0,0,0,0,-0.010911423,0,0.081244463,0
-0.106049736,0,0,0.000144878,0,0,0,0,0,0,0.000736751,0,0,0.735310644,0,-0.086436958,0,0,0,0.085594338,-0.091139141,0,0.052567392,0,0,0,0,0.071609664,0,0,0,0,0,-0.000222635,0,0,0,-0.013034567,0.006145007,0.017789936,0,0,0,0,0,0,-0.026538214
0,0,-0.004154204,0,0,-0.003113635,0,0,0,0,0,0,0,0,0.741314916,0,0,0,0,0,0,0,0,0,0,0,0,0.453948612,0.048605185,0,0,0,0,0,0.001647626,0,0,0,0.096932058,0,0,0,0,0,0,0,0
0,0.004774012,0,0.001929632,0.030601215,0.00605335,0,-0.003916644,0,0,0.005151366,0.007927003,0,-0.086436958,0,0.635768843,0.234643366,0.194781664,0,0,0.141570914,0,0,0.055808524,0,0,0,0.116438716,0.043927707,0.042408237,0.019926428,0,0,-0.001531004,0,-0.000586631,0,0.054219394,0,0,0,0,-0.000463768,0,0,0,0
0,-0.003873842,-0.011534595,0,0.010905158,0,0,0.005459957,0,0,0,0.002159268,0,0,0,0.234643366,0.69794725,0.348773452,0,0,0,0,0.021526604,0.000660639,0.044518225,0,0,0,0,0,0,0.005329668,0,-0.001624002,0,0,0.022226068,0.0983296,0,0.000974994,0,0,0,0.004884584,0,-0.009584444,0
0,0,0,0,0,0,0,0,0,0,0.017957511,0,0,0,0,0.194781664,0.348773452,0.665993175,0.077394505,0,0,0,0,0,0,0,0,0,0,0.03649585,0,0,0.009958757,-0.005679771,0,0,0,0.035166255,0.004663489,0.129724205,0,0,-0.006798543,0,0,-0.017217685,0.020750267
0,0,0,-0.006544377,0,0,0,0,0,0,0,0.137690519,0,0,0,0,0,0.077394505,0.762511147,0,0,0,0,0.012057343,0,0,0,0,0,0.004825186,0,0.015187389,0.030307306,0.009811347,0.007203411,0,0.015123485,0.032335163,0,0,0,0,0,0.008175474,0,-0.059029553,0
0,0,0.0002338,0,0,0,0,0,0,0,0,0,0,0.085594338,0,0,0,0,0,0.790933844,0.052867426,0,0,-0.041136742,0,0,0,0,0,0,0,0,0,-0.002253659,0,0,0,0,0,-0.122611313,0,0,0,-0.002660005,0,0,0
0,-0.041336162,0.00490919,0,0,0,0,0,6.39E-05,0,0,0,0,-0.091139141,0,0.141570914,0,0,0,0.052867426,0.735983413,0.136869891,0.038644762,0,0,-0.001139486,0,0,0,0,0.01221248,0,0,0,-0.001753256,-0.01978771,0,0,0,0,0,0,0,0,0,0,0
0,-0.029855145,0.001757418,-0.002298044,0,0,0,0,0,0,0,0,0,0,0,0,0,0,0,0,0.136869891,0.751279831,0.263288785,0.012097886,-0.008193577,0,0,0,0,0,0,0,0,0.0014302,0,0,0,0,0,0.019282628,0,0,0,0,-0.001275887,0,0
0,-0.030362554,0.000687415,0,0.033239431,-0.003802607,0,0,0,0,0,0,0,0.052567392,0,0,0.021526604,0,0,0,0.038644762,0.263288785,0.743395954,0,0.065925887,0,0,0,0.022326251,0,0,0,0,-0.002723263,0,0,0,0,0,0,0,0,0,0,0,0,1.38E-05
0.020996149,0.006394807,0,0.004656913,0,0,0,0,0,0,0,0.026317426,0,0,0,0.055808524,0.000660639,0,0.012057343,-0.041136742,0,0.012097886,0,0.738235144,0.031504484,0,0,0,0,0.17816836,0,0.013360026,0,0.000510069,0,0,0,0,0,0,0,0.07132954,0.006685685,0.023998443,0,-0.034287874,-0.03293011
0.009505244,-0.035590863,-0.005774692,0,0,0,0.012747985,0,0,0,0,0.143975039,0,0,0,0,0.044518225,0,0,0,0,-0.008193577,0.065925887,0.031504484,0.599775546,0.074101069,0,0,0.034270701,0.18208005,0,0.081621145,0.111473796,0.107465375,0.108938027,0.008064895,0,0.009530449,0,0,0,0.203873131,0.276528103,0,0,0,0
0,0,0,0.012694802,0,0,0,0,0,0,0,0.017949076,0,0,0,0,0,0,0,0,-0.001139486,0,0,0,0.074101069,0.726674278,0.243993319,0,0,0,0.058332445,0,0.049821513,0,-0.003695211,0.032483487,0,0,0,0,0,0.062302713,0.050993559,0.008287542,0,0,-0.003020057
0,0,0,0,0,0,-0.007032348,0,0,0,0,0,-0.023184967,0,0,0,0,0,0,0,0,0,0,0,0,0.243993319,0.749026943,0,0,0.001871017,0.182237955,0.002637178,0,0,0,0,0,0,0,0,0.005984234,0,0,0,0,0,0.022663687
0,0,-0.00125381,0,0,0,0,0.030074233,0,0,0,0,0,0.071609664,0.453948612,0.116438716,0,0,0,0,0,0,0,0,0,0,0,0.729935376,0,0.010704225,0,0,0,0,-1.20E-06,0,0,0,0,-0.011324499,0,0,0,0,0,0,0
0,0,0.001242192,-0.003668748,0,0.035578332,0,0,-0.027561477,0,0.075305052,0.053771439,0,0,0.048605185,0.043927707,0,0,0,0,0,0,0.022326251,0,0.034270701,0,0,0,0.722812152,0.053718919,0,0,0,0,-0.001142176,0.067935418,0,0,0.134743949,0,0,0,0,0.007254897,0,0,0
0,-0.000443187,1.29E-05,0,-0.028055723,0.001134574,0,0,0.021300212,0,0,0.177282055,-0.000273614,0,0,0.042408237,0,0.03649585,0.004825186,0,0,0,0,0.17816836,0.18208005,0,0.001871017,0.010704225,0.053718919,0.570537795,0,0.076936658,0.143403507,0.109827032,0.111258051,0,0.007345381,0.06628389,0.079388691,0.015539236,0.009825904,0.115558932,0.109502235,0,0,0.006755282,0.014127149
0.000927481,0,0,0.000155775,0.026109088,0,0,0,0,0.003175823,0,0,0,0,0,0.019926428,0,0,0,0,0.01221248,0,0,0,0,0.058332445,0.182237955,0,0,0,0.678771017,0,-0.114170602,-0.05767914,-0.055029493,-0.028975539,0,0.085040551,0.041674463,0.050725505,0,0.019905059,0,0,0,0.036332285,0
0,0,0,0.000849626,0.013490673,0.01140535,0,0.01586187,0,0,0,0.244694673,0,0,0,0,0.005329668,0,0.015187389,0,0,0,0,0.013360026,0.081621145,0,0.002637178,0,0,0.076936658,0,0.679809264,0.289290087,0.51269519,0.51136148,0.005375315,0,0,0.001206521,0,-0.002628465,0.018986973,0.011710554,0,0,0.108979956,0
0.014372406,0,0.002435786,0,0,0.010698744,0,0.007403846,-0.010626676,0,0,0.166971598,0,0,0,0,0,0.009958757,0.030307306,0,0,0,0,0,0.111473796,0.049821513,0,0,0,0.143403507,-0.114170602,0.289290087,0.580106157,0.370736959,0.371056849,0.118821133,0,0,0,0,-0.068831553,0.025620602,0,0.007782601,0,-2.04E-05,-0.021929668
0,0,-0.001777443,-0.001724699,-0.000241066,-0.003286631,-0.001531931,0,0,-0.001320016,-0.004190501,0.231939906,0.001618952,-0.000222635,0,-0.001531004,-0.001624002,-0.005679771,0.009811347,-0.002253659,0,0.0014302,-0.002723263,0.000510069,0.107465375,0,0,0,0,0.109827032,-0.05767914,0.51269519,0.370736959,0.629463008,0.627005968,0,0,-0.001903642,0,-0.011258132,0.002215497,0.020201499,-0.001364958,0,-0.00137814,0,-0.000147911
-0.00388877,-6.42E-05,0,0,0,0,0.001757383,-0.000755983,0.003789494,0.000810351,0,0.228302605,0,0,0.001647626,0,0,0,0.007203411,0,-0.001753256,0,0,0,0.108938027,-0.003695211,0,-1.20E-06,-0.001142176,0.111258051,-0.055029493,0.51136148,0.371056849,0.627005968,0.626232735,0.007968679,0.003523403,0,0.004527384,-0.009111763,0,0.018472183,0,0.002807542,0,-0.001820375,0
0,0,-7.52E-06,0,0,-0.017469902,-0.033713299,0.042269209,0,0,0.07478016,0,0,0,0,-0.000586631,0,0,0,0,-0.01978771,0,0,0,0.008064895,0.032483487,0,0,0.067935418,0,-0.028975539,0.005375315,0.118821133,0,0.007968679,0.647886558,0.012562666,-0.048150308,0,-0.057380817,-0.031600254,0,-0.020721716,0.181250334,0.13551078,0,-0.061152835
0,0,-0.007104079,0,0,0,0,0,0,0,0,0,0,0,0,0,0.022226068,0,0.015123485,0,0,0,0,0,0,0,0,0,0,0.007345381,0,0,0,0,0.003523403,0.012562666,0.766761663,0.131532764,0,0,0,0,0,0,0,0.277792795,0
0,0,0.006751022,0,0.035638483,0,0,0,0,0.011141227,0,0.021701501,0,-0.013034567,0,0.054219394,0.0983296,0.035166255,0.032335163,0,0,0,0,0,0.009530449,0,0,0,0,0.06628389,0.085040551,0,0,-0.001903642,0,-0.048150308,0.131532764,0.628429635,0.139629849,0.064216357,0,0.054962078,0.033534045,-0.023084013,0.012776416,0,0
0.010959789,0,-0.000402862,0,0,0.017791804,0.044618808,0,0.008326764,0,0,0.029238167,0,0.006145007,0.096932058,0,0,0.004663489,0,0,0,0,0,0,0,0,0,0,0.134743949,0.079388691,0.041674463,0.001206521,0,0,0.004527384,0,0,0.139629849,0.666217459,0.082857464,0,0.035173518,0,-0.017814043,0,0,0.046802544
0.191004028,0,0.018992774,0,0,0,0.07304068,0,0.015004429,0,0,0,0,0.017789936,0,0,0.000974994,0.129724205,0,-0.122611313,0,0.019282628,0,0,0,0,0,-0.011324499,0,0.015539236,0.050725505,0,0,-0.011258132,-0.009111763,-0.057380817,0,0.064216357,0.082857464,0.628530414,0,0.007712469,0,0,0.015292707,-5.13E-05,0.121761215
0,0,0.002097259,0,0,0,0,0,0.007750873,0,0,0.00242275,0,0,0,0,0,0,0,0,0,0,0,0,0,0,0.005984234,0,0,0.009825904,0,-0.002628465,-0.068831553,0.002215497,0,-0.031600254,0,0,0,0,0.811578344,0,0.016060311,0,-0.021715961,0,0.001011036
0,0,0,0,0,0.00802265,0,0,0,0,0,0.12977437,0,0,0,0,0,0,0,0,0,0,0,0.07132954,0.203873131,0.062302713,0,0,0,0.115558932,0.019905059,0.018986973,0.025620602,0.020201499,0.018472183,0,0,0.054962078,0.035173518,0.007712469,0,0.655207409,0.286279993,0,0,0,0
0,0,0.003959174,0,0,-0.01284755,0,0.010996344,0,0,0,0.133538715,0,0,0,-0.000463768,0,-0.006798543,0,0,0,0,0,0.006685685,0.276528103,0.050993559,0,0,0,0.109502235,0,0.011710554,0,-0.001364958,0,-0.020721716,0,0.033534045,0,0,0.016060311,0.286279993,0.695085785,0,0,0,0
0,0,0,0.003003815,0,0.257592195,-0.012149154,0,-0.038071423,-0.012017375,0,0,-0.010911423,0,0,0,0.004884584,0,0.008175474,-0.002660005,0,0,0,0.023998443,0,0.008287542,0,0,0.007254897,0,0,0,0.007782601,0,0.002807542,0.181250334,0,-0.023084013,-0.017814043,0,0,0,0,0.625289714,0.586595668,-0.009400939,-0.018977044
0.013312482,0.001680613,-0.00166888,0.002200289,0.000500396,0.140585497,-0.046446426,0,-0.003667933,0,0,-0.001158497,0,0,0,0,0,0,0,0,0,-0.001275887,0,0,0,0,0,0,0,0,0,0,0,-0.00137814,0,0.13551078,0,0.012776416,0,0.015292707,-0.021715961,0,0,0.586595668,0.687938419,0.010533958,0
0,0,0,-0.00756708,-0.03370015,0,0,0,0,0,0,0,0.081244463,0,0,0,-0.009584444,-0.017217685,-0.059029553,0,0,0,0,-0.034287874,0,0,0,0,0,0.006755282,0.036332285,0.108979956,-2.04E-05,0,-0.001820375,0,0.277792795,0,0,-5.13E-05,0,0,0,-0.009400939,0.010533958,0.717087255,-0.014435976
0.152430637,0,0,0,0,0,0.448507382,-0.025905327,0.014749653,0,0,0,0,-0.026538214,0,0,0,0.020750267,0,0,0,0,1.38E-05,-0.03293011,0,-0.003020057,0.022663687,0,0,0.014127149,0,0,-0.021929668,-0.000147911,0,-0.061152835,0,0,0.046802544,0.121761215,0.001011036,0,0,-0.018977044,0,-0.014435976,0.650787584
0.691672045,0.094767562,0,0.001589223,0,0,0,0,0,0,0,0,0,-0.072403951,0,0,0,0,0,0,0,0,0,0,0,0,0,0,0,0,0,0,0,0,-0.004008943,0,0,0,0,0.162762821,0,0,0,0,0.007828469,0,0.072098727
0.094767562,0.729448088,0,0,0,0.089291959,-0.042082565,0,0,0,0.011965876,0,0,0,0,0,0,0,0,0,-0.001546273,0,-0.013155176,0,-0.002819893,0,0,0,0,0,0,0,0,0,0,0,0,0,0,0,0,0,0,0,0.001339536,0,0
0,0,0.643658349,0.626280109,0.01277828,0,-0.001294152,0,0,0,4.13E-08,0.0078117,0,0,-0.00268474,0,-0.009663941,0,0,0.000186915,0.003878705,0.001433964,8.74E-05,0,-0.004501183,0,0,0,0,0,0,0,0.001384784,-0.001473479,0,0,-0.007033436,0.007243583,-4.76E-05,0.017394008,0.000111604,0,0.00358429,0,-0.001015786,0,0
0.001589223,0,0.626280109,0.634412416,0.039827457,0,0,0,0,0.004583233,0,0,-0.005860476,0,0,0,0,0,-0.003896274,-0.000295836,0,0,0,0.002156262,0,0.011996641,0,0,-0.004046337,0,0,0.000704588,0,-0.001391353,0,0,0,0,0.000141342,0,0,0,0,0.0005957,0.000489003,-0.005665197,0
0,0,0.01277828,0.039827457,0.778119838,0,0,0,0,0,0,0,0,0,0,0,0,0,0,0,0,0,0.007585547,0,0,0,0,0,0,0,0.003348402,0,0,0,-8.28E-05,0,0,0.006302534,0,0,0,0,0,0,0,-0.002545735,0
0,0.089291959,0,0,0,0.668711092,0.16145475,0.006249607,-0.019450172,0,0,0,0,0,0,0,0,0,0,0,0,0,0,0,0,0,0,0,0.002784902,0,0,0.006992182,0.000110709,-0.003413051,0,0,0,0,0,0,0,0.001082713,0,0.193543479,0.072460288,0,0
0,-0.042082565,-0.001294152,0,0,0.16145475,0.583213452,0.039763803,0.126922113,0.008103343,0,0,0,0,0,0,0,0,0,0,0,0,0,0,0.006193572,0,-0.004103543,0,0,0,0,0,0,-0.003606852,0,-0.001150443,0,0,0.024737124,0.026726785,0,0,0,-0.000683921,-0.038980143,0,0.423785251
0,0,0,0,0,0.006249607,0.039763803,0.672186823,0.236006445,-0.125134878,-0.045890565,0,0,0,0,0,0,0,0,0,0,0,0,0,0,0,0,0.00503546,0,0,0,0.013434377,0,0,-0.001407728,0.000942752,0,0,0,0,0,0,0,0,0,0,-0.031796732
0,0,0,0,0,-0.019450172,0.126922113,0.236006445,0.603284787,0.303832587,0.019937637,0,0,0,0,0,0,0,0,0,0,0,0,0,0,0,0,0,-0.004399637,0.010132955,0,0,-0.011240503,0,0.00316963,0,0,0,0,0.000186058,0,0,0,-0.028630399,0,0,0
0,0,0,0.004583233,0,0,0.008103343,-0.125134878,0.303832587,0.688252824,0,0,0,0,0,0,0,0,0,0,0,0,0,0,0,0,0,0,0,0,0,0,0,-0.00169627,0,0,0,0.001278989,0,0,0,0,0,-0.006712162,0,0,0
0,0.011965876,4.13E-08,0,0,0,0,-0.045890565,0.019937637,0,0.76564414,0,0,0,0,0,0,0,0,0,0,0,0,0,0,0,0,0,0.036012105,0,0,0,0,-0.003150771,0,0.027837097,0,0,0,0,0,0,0,0,0,0,0
0,0,0.0078117,0,0,0,0,0,0,0,0,0.520315988,0,0,0,0,0,0,0.112558624,0,0,0,0,0,0.097300927,0.002613025,0,0,0.030815423,0.13998522,0,0.179926811,0.103896437,0.152685756,0.14934273,0,0,0,0.00285658,0,0,0.099633278,0.094271128,0,0,0,0
0,0,0,-0.005860476,0,0,0,0,0,0,0,0,0.78868882,0,0,0,0,0,0,0,0,0,0,0,0,0,0,0,0,0,0,0,0,0.001148781,0,0,0,0,0,0,0,0,0,-0.005181655,0,0.029073048,0
-0.072403951,0,0,0,0,0,0,0,0,0,0,0,0,0.753599264,0,-0.045939305,0,0,0,0.017466602,-0.01333766,0,0.001007664,0,0,0,0,0.031796928,0,0,0,0,0,0,-0.000277506,0,0,0,0,0,0,0,0,0,0,0,-0.009015484
0,0,-0.00268474,0,0,0,0,0,0,0,0,0,0,0,0.678593335,0,0,0,0,0,0,0,0,0,0,0,0,0.396111011,0.012114542,0,0,0,0,0,0.00137001,0,0,0,0.063061063,0,0,0,0,0,0,0,0
0,0,0,0,0,0,0,0,0,0,0,0,0,-0.045939305,0,0.617460836,0.190702357,0.155354896,0,0,0.119469987,0,0,0.034703946,0,0,0,0.083563723,0.016875407,0.012689652,0.007195781,0,0,-0.001292334,0,0,0,0.033415217,0,0,0,0,0,0,0,0,0
0,0,-0.009663941,0,0,0,0,0,0,0,0,0,0,0,0,0.190702357,0.641400447,0.295529244,0,0,0,0,9.05E-05,0,0.03924269,0,0,0,0,0,0,0,0,-0.000839895,0,0,0,0.067926871,0,0,0,0,0,0.001314045,0,0,0
0,0,0,0,0,0,0,0,0,0,0,0,0,0,0,0.155354896,0.295529244,0.619845427,0.063045821,0,0,0,0,0,0,0,0,0,0,0.023222156,0,0,0,-0.005062436,0,0,0,0,0,0.112661656,0,0,0,0,0,0,0.011208313
0,0,0,-0.003896274,0,0,0,0,0,0,0,0.112558624,0,0,0,0,0,0.063045821,0.742819782,0,0,0,0,0,0,0,0,0,0,0,0,0,0.002633463,0.002670225,0,0,0,0.006165209,0,0,0,0,0,0.006955471,0,-0.024551543,0
0,0,0.000186915,-0.000295836,0,0,0,0,0,0,0,0,0,0.017466602,0,0,0,0,0,0.778604051,0,0,0,-0.0017274,0,0,0,0,0,0,0,0,0,-0.002488931,0,0,0,0,0,-0.06013791,0,0,0,0,0,0,0
0,-0.001546273,0.003878705,0,0,0,0,0,0,0,0,0,0,-0.01333766,0,0.119469987,0,0,0,0,0.732013693,0.105491757,0,0,0,0,0,0,0,0,0,0,0,0,-0.001724369,-0.00084909,0,0,0,0,0,0,0,0,0,0,0
0,0,0.001433964,0,0,0,0,0,0,0,0,0,0,0,0,0,0,0,0,0,0.105491757,0.70445839,0.211093203,0,0,0,0,0,0,0,0,0,0,0,-0.001431592,0,0,0,0,0,0,0,0,0,0,0,0
0,-0.013155176,8.74E-05,0,0.007585547,0,0,0,0,0,0,0,0,0.001007664,0,0,9.05E-05,0,0,0,0,0.211093203,0.725848845,0,0.04075878,0,0,0,0,0,0,0,0,-0.002827965,0,0,0,0,0,0,0,0,0,0,0,0,0
0,0,0,0.002156262,0,0,0,0,0,0,0,0,0,0,0,0.034703946,0,0,0,-0.0017274,0,0,0,0.732862516,0,0,0,0,0,0.142740943,0,0.006431461,0,0.000276241,0,0,0,0,0,0,0,0.031037753,0,0.020783648,0,0,-0.016985192
0,-0.002819893,-0.004501183,0,0,0,0.006193572,0,0,0,0,0.097300927,0,0,0,0,0.03924269,0,0,0,0,0,0.04075878,0,0.562010441,0.053046761,0,0,0.012322665,0.146154551,0,0.022827546,0.055182434,0.038760306,0.040348644,0,0,0,0,0,0,0.16382434,0.220024409,0,0,0,0
0,0,0,0.011996641,0,0,0,0,0,0,0,0.002613025,0,0,0,0,0,0,0,0,0,0,0,0,0.053046761,0.706856463,0.194390178,0,0,0,0.000227517,0,0.024687015,0,-0.00430972,0,0,0,0,0,0,0.036169447,0.009713255,0.004009248,0,0,0
0,0,0,0,0,0,-0.004103543,0,0,0,0,0,0,0,0,0,0,0,0,0,0,0,0,0,0,0.194390178,0.695064147,0,0,0,0.142277834,0,0,0,0,0,0,0,0,0,0,0,0,0,0,0,0.014416846
0,0,0,0,0,0,0,0.00503546,0,0,0,0,0,0.031796928,0.396111011,0.083563723,0,0,0,0,0,0,0,0,0,0,0,0.675120934,0,0,0,0,0,0,0,0,0,0,0,0,0,0,0,0,0,0,0
0,0,0,-0.004046337,0,0.002784902,0,0,-0.004399637,0,0.036012105,0.030815423,0,0,0.012114542,0.016875407,0,0,0,0,0,0,0,0,0.012322665,0,0,0,0.731423272,0.016133204,0,0,0,0.000562157,-0.001563514,0.023125306,0,0,0.106811355,0,0,0,0,0,0,0,0
0,0,0,0,0,0,0,0,0.010132955,0,0,0.13998522,0,0,0,0.012689652,0,0.023222156,0,0,0,0,0,0.142740943,0.146154551,0,0,0,0.016133204,0.552700932,0,0.012302524,0.082435355,0.029375556,0.03076324,0,0,0.042409084,0.058326388,0,0,0.084063345,0.06170736,0,0,0,0.004126512
0,0,0,0,0.003348402,0,0,0,0,0,0,0,0,0,0,0.007195781,0,0,0,0,0,0,0,0,0,0.000227517,0.142277834,0,0,0,0.70370113,0.01143213,-0.052490553,-0.013131498,-0.009707561,0,0,0.075731617,0.020097615,0.031487834,0,0,0,0,0,0,0
0,0,0,0.000704588,0,0.006992182,0,0.013434377,0,0,0,0.179926811,0,0,0,0,0,0,0,0,0,0,0,0.006431461,0.022827546,0,0,0,0,0.012302524,0.01143213,0.599074921,0.229674947,0.426458809,0.425426262,0,0,0,0,0,0,0,0,0,0,0.085410421,0
0,0,0.001384784,0,0,0.000110709,0,0,-0.011240503,0,0,0.103896437,0,0,0,0,0,0,0.002633463,0,0,0,0,0,0.055182434,0.024687015,0,0,0,0.082435355,-0.052490553,0.229674947,0.536780364,0.308791564,0.309642739,0.119499692,0,0,0,0,-0.038098865,0,0,0.003650096,0,0,-0.010838889
0,0,-0.001473479,-0.001391353,0,-0.003413051,-0.003606852,0,0,-0.00169627,-0.003150771,0.152685756,0.001148781,0,0,-0.001292334,-0.000839895,-0.005062436,0.002670225,-0.002488931,0,0,-0.002827965,0.000276241,0.038760306,0,0,0,0.000562157,0.029375556,-0.013131498,0.426458809,0.308791564,0.542441683,0.540337243,0,0,-0.001859002,0,-0.002074792,0.00191783,0.001792158,-0.00194827,0,-0.000352961,0,-0.000325003
-0.004008943,0,0,0,-8.28E-05,0,0,-0.001407728,0.00316963,0,0,0.14934273,0,-0.000277506,0.00137001,0,0,0,0,0,-0.001724369,-0.001431592,0,0,0.040348644,-0.00430972,0,0,-0.001563514,0.03076324,-0.009707561,0.425426262,0.309642739,0.540337243,0.539923922,0.008886423,0.003398944,0,0.00425318,0,0,0,0,0.002022562,0,-0.002380206,0
0,0,0,0,0,0,-0.001150443,0.000942752,0,0,0.027837097,0,0,0,0,0,0,0,0,0,-0.00084909,0,0,0,0,0,0,0,0.023125306,0,0,0,0.119499692,0,0.008886423,0.677747718,0,-0.01264075,0,-0.039393675,-0.001784296,0,0,0.123879345,0.064782947,0,-0.038213351
0,0,-0.007033436,0,0,0,0,0,0,0,0,0,0,0,0,0,0,0,0,0,0,0,0,0,0,0,0,0,0,0,0,0,0,0,0.003398944,0,0.713273557,0.092444383,0,0,0,0,0,0,0,0.218211351,0
0,0,0.007243583,0,0.006302534,0,0,0,0,0.001278989,0,0,0,0,0,0.033415217,0.067926871,0,0.006165209,0,0,0,0,0,0,0,0,0,0,0.042409084,0.075731617,0,0,-0.001859002,0,-0.01264075,0.092444383,0.635228986,0.132498499,0.037606164,0,0.017045704,0,-0.017852536,0.010623156,0,0
0,0,-4.76E-05,0.000141342,0,0,0.024737124,0,0,0,0,0.00285658,0,0,0.063061063,0,0,0,0,0,0,0,0,0,0,0,0,0,0.106811355,0.058326388,0.020097615,0,0,0,0.00425318,0,0,0.132498499,0.647161195,0.056218453,0,0.007864301,0,-0.018263992,0,0,0.024716422
0.162762821,0,0.017394008,0,0,0,0.026726785,0,0.000186058,0,0,0,0,0,0,0,0,0.112661656,0,-0.06013791,0,0,0,0,0,0,0,0,0,0,0.031487834,0,0,-0.002074792,0,-0.039393675,0,0.037606164,0.056218453,0.617437559,0,0,0,-0.003349533,0,0,0.074156477
0,0,0.000111604,0,0,0,0,0,0,0,0,0,0,0,0,0,0,0,0,0,0,0,0,0,0,0,0,0,0,0,0,0,-0.038098865,0.00191783,0,-0.001784296,0,0,0,0,0.784314074,0,0.001807926,0,-0.017763766,0,0
0,0,0,0,0,0.001082713,0,0,0,0,0,0.099633278,0,0,0,0,0,0,0,0,0,0,0,0.031037753,0.16382434,0.036169447,0,0,0,0.084063345,0,0,0,0.001792158,0,0,0,0.017045704,0.007864301,0,0,0.622828304,0.232568553,0,0,0,0
0,0,0.00358429,0,0,0,0,0,0,0,0,0.094271128,0,0,0,0,0,0,0,0,0,0,0,0,0.220024409,0.009713255,0,0,0,0.06170736,0,0,0,-0.00194827,0,0,0,0,0,0,0.001807926,0.232568553,0.648594821,0,0,0,0
0,0,0,0.0005957,0,0.193543479,-0.000683921,0,-0.028630399,-0.006712162,0,0,-0.005181655,0,0,0,0.001314045,0,0.006955471,0,0,0,0,0.020783648,0,0.004009248,0,0,0,0,0,0,0.003650096,0,0.002022562,0.123879345,0,-0.017852536,-0.018263992,-0.003349533,0,0,0,0.556430538,0.525490636,-0.008097017,-0.008219029
0.007828469,0.001339536,-0.001015786,0.000489003,0,0.072460288,-0.038980143,0,0,0,0,0,0,0,0,0,0,0,0,0,0,0,0,0,0,0,0,0,0,0,0,0,0,-0.000352961,0,0.064782947,0,0.010623156,0,0,-0.017763766,0,0,0.525490636,0.636720788,0.007610181,0
0,0,0,-0.005665197,-0.002545735,0,0,0,0,0,0,0,0.029073048,0,0,0,0,0,-0.024551543,0,0,0,0,0,0,0,0,0,0,0,0,0.085410421,0,0,-0.002380206,0,0.218211351,0,0,0,0,0,0,-0.008097017,0.007610181,0.699274861,0
0.072098727,0,0,0,0,0,0.423785251,-0.031796732,0,0,0,0,0,-0.009015484,0,0,0,0.011208313,0,0,0,0,0,-0.016985192,0,0,0.014416846,0,0,0.004126512,0,0,-0.010838889,-0.000325003,0,-0.038213351,0,0,0.024716422,0.074156477,0,0,0,-0.008219029,0,0,0.616317845
0.663609617,0.05453639,0,0.00143337,0,0,0,0,0,0,0,0,0,-0.04061689,0,0,0,0,0,0,0,0,0,0,0,0,0,0,0,0,0,0,0,0,-0.003864091,0,0,0,0,0.130666145,0,0,0,0,0.003788875,0,0.061061165
0.05453639,0.707069332,0,0,0,0.066537012,-0.030722415,0,0,0,0,0,0,0,0,0,0,0,0,0,0,0,-0.002110276,0,0,0,0,0,0,0,0,0,0,-0.000176267,0,0,0,0,0,0,0,0,0,0,0.003752858,0,0
0,0,0.592728506,0.5755675,0,0,-0.00143765,0,0,0,0,0.006844855,0,0,-0.002016061,0,-0.008824709,0,0,0,0.002884632,0.000688623,0,0,-0.00336107,0,0,0,0,0,0,0,0.000535887,-0.001239045,0,0,-0.006044995,0.007001391,0,0.015787841,0,0,0.002457288,0,-0.000954299,0,0
0.00143337,0,0.5755675,0.583699213,0.025336477,0,0,0,0,0.003616996,0,0,-0.004992025,0,0,0,6.06E-05,0,-0.001642304,-0.000101496,0,0,0,0.001316706,0,0.010447168,0,0,-0.002117743,0,0,0.000428742,0,-0.001144288,0,0,0,0,0,0,0,0,0,0,0,-0.004320643,0
0,0,0,0.025336477,0.741197655,0,0,0,0,0,0,0,0,0,0,0,0,0,0,0,0,0,0,0,0,0,0,0,0,0,0,0,0,0,-5.90E-05,0,0,0,0,0,0,0,0,0,0,0,0
0,0.066537012,0,0,0,0.648339114,0.137617988,0,-0.014931347,0,0,0,0,0,0,0,0,0,0,0,0,0,0,0,0,0,0,0,0,0,0,5.92E-05,0,-0.003103035,0,0,0,0,0,0,0,0,0,0.140593268,0.017419702,0,0
0,-0.030722415,-0.00143765,0,0,0.137617988,0.552577037,0.035494102,0.115341007,0,0,0,0,0,0,0,0,0,0,0,0,0,0,0,0.001901114,0,0,0,0,0,0,0,0,-0.003110498,3.28E-06,0,0,0,0.003724819,0.006453416,0,0,0,0,-0.033121355,0,0.397185885
0,0,0,0,0,0,0.035494102,0.636028396,0.198874646,-0.110793634,-0.021672365,0,0,0,0,0,0,0,0,0,0,0,0,0,0,0,0,0,0,0,0,0.005583563,0,0,-0.001462162,0,0,0,0,0,0,0,0,0,0,0,-0.017749388
0,0,0,0,0,-0.014931347,0.115341007,0.198874646,0.557141398,0.271907472,0.006234485,0,0,0,0,0,0,0,0,0,0,0,0,0,0,0,0,0,0,0,0,0,-0.003121387,0,0.003017817,0,0,0,0,0,0,0,0,-0.025904883,0,0,0
0,0,0,0.003616996,0,0,0,-0.110793634,0.271907472,0.63777653,0,0,0,0,0,0,0,0,0,0,0,0,0,0,0,0,0,0,0,0,0,0,0,-0.001456271,0,0,0,0,0,0,0,0,0,-0.003535781,0,0,0
0,0,0,0,0,0,0,-0.021672365,0.006234485,0,0.736549158,0,0,0,0,0,0,0,0,0,0,0,0,0,0,0,0,0,0.016864436,0,0,0,0,-0.002548877,0,0.005275471,0,0,0,0,0,0,0,0,0,0,0
0,0,0.006844855,0,0,0,0,0,0,0,0,0.494516863,0,0,0,0,0,0,0.094377524,0,0,0,0,0,0.076173391,0.000205418,0,0,0.011676409,0.133382131,0,0.145140082,0.062802988,0.106696964,0.103579188,0,0,0,0,0,0,0.081502292,0.059275124,0,0,0,0
0,0,0,-0.004992025,0,0,0,0,0,0,0,0,0.744237519,0,0,0,0,0,0,0,0,0,0,0,0,0,0,0,0,0,0,0,0,0.000912303,0,0,0,0,0,0,0,0,0,-0.001389772,0,0.009041525,0
-0.04061689,0,0,0,0,0,0,0,0,0,0,0,0,0.73092902,0,-0.022144488,0,0,0,0,-0.001160227,0,0,0,0,0,0,0.006690494,0,0,0,0,0,0,-0.000319869,0,0,0,0,0,0,0,0,0,0,0,0
0,0,-0.002016061,0,0,0,0,0,0,0,0,0,0,0,0.632330892,0,0,0,0,0,0,0,0,0,0,0,0,0.345631903,0,0,0,0,0,0,0.001194976,0,0,0,0.044086573,0,0,0,0,0,0,0,0
0,0,0,0,0,0,0,0,0,0,0,0,0,-0.022144488,0,0.613317125,0.154252625,0.119990994,0,0,0.089814478,0,0,0.013038431,0,0,0,0.053805961,0.001418049,0.000212501,0.000382089,0,0,-0.00111397,0,0,0,0.014696241,0,0,0,0,0,0,0,0,0
0,0,-0.008824709,6.06E-05,0,0,0,0,0,0,0,0,0,0,0,0.154252625,0.59835974,0.258152021,0,0,0,0,0,0,0.026615532,0,0,0,0,0,0,0,0,-0.000450486,0,0,0,0.047754647,0,0,0,0,0,0,0,0,0
0,0,0,0,0,0,0,0,0,0,0,0,0,0,0,0.119990994,0.258152021,0.585139924,0.041868034,0,0,0,0,0,0,0,0,0,0,0.016337691,0,0,0,-0.004719391,5.99E-05,0,0,0,0,0.096130241,0,0,0,0,0,0,0.001384722
0,0,0,-0.001642304,0,0,0,0,0,0,0,0.094377524,0,0,0,0,0,0.041868034,0.709712293,0,0,0,0,0,0,0,0,0,0,0,0,0,0,0.002707425,0,0,0,0.000440886,0,0,0,0,0,0.00424629,0,-0.000934127,0
0,0,0,-0.000101496,0,0,0,0,0,0,0,0,0,0,0,0,0,0,0,0.740902122,0,0,0,0,0,0,0,0,0,0,0,0,0,-0.002316987,0,0,0,0,0,-0.028596748,0,0,0,0,0,0,0
0,0,0.002884632,0,0,0,0,0,0,0,0,0,0,-0.001160227,0,0.089814478,0,0,0,0,0.69802002,0.073859348,0,0,0,0,0,0,0,0,0,0,0,0,-0.001435993,0,0,0,0,0,0,0,0,0,0,0,0
0,0,0.000688623,0,0,0,0,0,0,0,0,0,0,0,0,0,0,0,0,0,0.073859348,0.66918092,0.171591778,0,0,0,0,0,0,0,0,0,0,0,-0.001392262,0,0,0,0,0,0,0,0,0,0,0,0
0,-0.002110276,0,0,0,0,0,0,0,0,0,0,0,0,0,0,0,0,0,0,0,0.171591778,0.688687823,0,0.019375977,0,0,0,0,0,0,0,0,-0.002521708,0,0,0,0,0,0,0,0,0,0,0,0,0
0,0,0,0.001316706,0,0,0,0,0,0,0,0,0,0,0,0.013038431,0,0,0,0,0,0,0,0.705666955,0,0,0,0,0,0.120446462,0,0,0,0.000291069,0,0,0,0,0,0,0,0.003307054,0,0.015911792,0,0,-0.001519714
0,0,-0.00336107,0,0,0,0.001901114,0,0,0,0,0.076173391,0,0,0,0,0.026615532,0,0,0,0,0,0.019375977,0,0.549604819,0.03453859,0,0,0.000566202,0.132754853,0,0,0.019813655,0,0.001632138,0,0,0,0,0,0,0.139022578,0.178030664,0,0,0,0
0,0,0,0.010447168,0,0,0,0,0,0,0,0.000205418,0,0,0,0,0,0,0,0,0,0,0,0,0.03453859,0.679620272,0.15946488,0,0,0,0,0,0.011478469,0,-0.004033511,0,0,0,0,0,0,0.012124965,0,0.002594725,0,0,0
0,0,0,0,0,0,0,0,0,0,0,0,0,0,0,0,0,0,0,0,0,0,0,0,0,0.15946488,0.659818345,0,0,0,0.108265213,0,0,-6.05E-06,0,0,0,0,0,0,0,0,0,0,0,0,0.006023974
0,0,0,0,0,0,0,0,0,0,0,0,0,0.006690494,0.345631903,0.053805961,0,0,0,0,0,0,0,0,0,0,0,0.632076581,0,0,0,0,0,0,0,0,0,0,0,0,0,0,0,0,0,0,0
0,0,0,-0.002117743,0,0,0,0,0,0,0.016864436,0.011676409,0,0,0,0.001418049,0,0,0,0,0,0,0,0,0.000566202,0,0,0,0.718261575,0,0,0,0,0.00237876,0,0.001279345,0,0,0.076391901,0,0,0,0,0,0,0,0
0,0,0,0,0,0,0,0,0,0,0,0.133382131,0,0,0,0.000212501,0,0.016337691,0,0,0,0,0,0.120446462,0.132754853,0,0,0,0,0.553477016,0,0,0.039622575,0,0.001148846,0,0,0.03049012,0.042218765,0,0,0.064456814,0.021499564,0,0,0,0
0,0,0,0,0,0,0,0,0,0,0,0,0,0,0,0.000382089,0,0,0,0,0,0,0,0,0,0,0.108265213,0,0,0,0.692393601,0.000973068,-0.022234897,-0.003120521,0,0,0,0.04822368,0.004573871,0.015046223,0,0,0,0,0,0,0
0,0,0,0.000428742,0,5.92E-05,0,0.005583563,0,0,0,0.145140082,0,0,0,0,0,0,0,0,0,0,0,0,0,0,0,0,0,0,0.000973068,0.542893554,0.187580275,0.366871802,0.366143189,0,0,0,0,0,0,0,0,0,0,0.06562108,0
0,0,0.000535887,0,0,0,0,0,-0.003121387,0,0,0.062802988,0,0,0,0,0,0,0,0,0,0,0,0,0.019813655,0.011478469,0,0,0,0.039622575,-0.022234897,0.187580275,0.519828982,0.274223347,0.27517118,0.109163572,0,0,0,0,-0.017655638,0,0,0.000964672,0,0,-0.008278796
0,-0.000176267,-0.001239045,-0.001144288,0,-0.003103035,-0.003110498,0,0,-0.001456271,-0.002548877,0.106696964,0.000912303,0,0,-0.00111397,-0.000450486,-0.004719391,0.002707425,-0.002316987,0,0,-0.002521708,0.000291069,0,0,-6.05E-06,0,0.00237876,0,-0.003120521,0.366871802,0.274223347,0.489117527,0.487175286,0,0,-0.001664551,0,-0.002122811,0.00177381,0.001693354,-0.001827125,0,0,0,-0.000118698
-0.003864091,0,0,0,-5.90E-05,0,3.28E-06,-0.001462162,0.003017817,0,0,0.103579188,0,-0.000319869,0.001194976,0,0,5.99E-05,0,0,-0.001435993,-0.001392262,0,0,0.001632138,-0.004033511,0,0,0,0.001148846,0,0.366143189,0.27517118,0.487175286,0.486894484,0.008591951,0.003420821,0,0.004083952,0,0,0,0,0.001426435,-0.000253369,-0.002636244,0
0,0,0,0,0,0,0,0,0,0,0.005275471,0,0,0,0,0,0,0,0,0,0,0,0,0,0,0,0,0,0.001279345,0,0,0,0.109163572,0,0.008591951,0.667792727,0,0,0,-0.023291285,0,0,0,0.083113002,0.018015193,0,-0.021620481
0,0,-0.006044995,0,0,0,0,0,0,0,0,0,0,0,0,0,0,0,0,0,0,0,0,0,0,0,0,0,0,0,0,0,0,0,0.003420821,0,0.678766156,0.05815164,0,0,0,0,0,0,0,0.168281199,0
0,0,0.007001391,0,0,0,0,0,0,0,0,0,0,0,0,0.014696241,0.047754647,0,0.000440886,0,0,0,0,0,0,0,0,0,0,0.03049012,0.04822368,0,0,-0.001664551,0,0,0.05815164,0.633464328,0.120271492,0.028110991,0,0.001613546,0,-0.017001872,0.00389578,0,0
0,0,0,0,0,0,0.003724819,0,0,0,0,0,0,0,0.044086573,0,0,0,0,0,0,0,0,0,0,0,0,0,0.076391901,0.042218765,0.004573871,0,0,0,0.004083952,0,0,0.120271492,0.640943657,0.040298734,0,0,0,-0.014980609,0,0,0
0.130666145,0,0.015787841,0,0,0,0.006453416,0,0,0,0,0,0,0,0,0,0,0.096130241,0,-0.028596748,0,0,0,0,0,0,0,0,0,0,0.015046223,0,0,-0.002122811,0,-0.023291285,0,0.028110991,0.040298734,0.611611722,0,0,0,0,0,0,0.052414498
0,0,0,0,0,0,0,0,0,0,0,0,0,0,0,0,0,0,0,0,0,0,0,0,0,0,0,0,0,0,0,0,-0.017655638,0.00177381,0,0,0,0,0,0,0.740841993,0,0,0,-0.011679093,0,0
0,0,0,0,0,0,0,0,0,0,0,0.081502292,0,0,0,0,0,0,0,0,0,0,0,0.003307054,0.139022578,0.012124965,0,0,0,0.064456814,0,0,0,0.001693354,0,0,0,0.001613546,0,0,0,0.598706045,0.200241002,0,0,0,0
0,0,0.002457288,0,0,0,0,0,0,0,0,0.059275124,0,0,0,0,0,0,0,0,0,0,0,0,0.178030664,0,0,0,0,0.021499564,0,0,0,-0.001827125,0,0,0,0,0,0,0,0.200241002,0.614005583,0,0,0,0
0,0,0,0,0,0.140593268,0,0,-0.025904883,-0.003535781,0,0,-0.001389772,0,0,0,0,0,0.00424629,0,0,0,0,0.015911792,0,0.002594725,0,0,0,0,0,0,0.000964672,0,0.001426435,0.083113002,0,-0.017001872,-0.014980609,0,0,0,0,0.512117289,0.490367054,-0.007950934,-0.004327077
0.003788875,0.003752858,-0.000954299,0,0,0.017419702,-0.033121355,0,0,0,0,0,0,0,0,0,0,0,0,0,0,0,0,0,0,0,0,0,0,0,0,0,0,0,-0.000253369,0.018015193,0,0.00389578,0,0,-0.011679093,0,0,0.490367054,0.613868021,0.004195596,0
0,0,0,-0.004320643,0,0,0,0,0,0,0,0,0.009041525,0,0,0,0,0,-0.000934127,0,0,0,0,0,0,0,0,0,0,0,0,0.06562108,0,0,-0.002636244,0,0.168281199,0,0,0,0,0,0,-0.007950934,0.004195596,0.670080968,0
0.061061165,0,0,0,0,0,0.397185885,-0.017749388,0,0,0,0,0,0,0,0,0,0.001384722,0,0,0,0,0,-0.001519714,0,0,0.006023974,0,0,0,0,0,-0.008278796,-0.000118698,0,-0.021620481,0,0,0,0.052414498,0,0,0,-0.004327077,0,0,0.587631362
0.636864442,0.036841494,0,0.000888674,0,0,0,0,0,0,0,0,0,-0.02731481,0,0,0,0,0,0,0,0,0,0,0,0,0,0,0,0,0,0,0,0,-0.003696236,0,0,0,0,0.100035415,0,0,0,0,0.001359735,0,0.050284731
0.036841494,0.672789098,0,0,0,0.051069434,-0.020372285,0,0,0,0,0,0,0,0,0,0,0,0,0,0,0,0,0,0,0,0,0,0,0,0,0,0,-0.000218007,0,0,0,0,0,0,0,0,0,0,0.004710205,0,0
0,0,0.539582653,0.522881349,0,0,-0.001328305,0,0,0,0,0.005882582,0,0,-0.001570428,0,-0.006616466,0,0,0,0.002156867,0.000143038,0,0,-0.002134863,0,0,0,0,0,0,0,0,-0.001033021,0,0,-0.004583533,0.005866792,0,0.014138948,0,0,0.00155199,0,-0.000847693,0,0
0.000888674,0,0.522881349,0.531374746,0.023390265,0,0,0,0,0.002802733,0,0,-0.004232978,0,0,0,0.001553404,0,0,0,0,0,0,0.000644965,0,0.009077361,0,0,-0.000517731,0,0,0.000109606,0,-0.000927728,0,0,0,0,0,0,0,0,0,0,0,-0.003046524,0
0,0,0,0.023390265,0.69586009,0,0,0,0,0,0,0,0,0,0,0,0,0,0,0,0,0,0,0,0,0,0,0,0,0,0,0,0,0,0,0,0,0,0,0,0,0,0,0,0,0,0
0,0.051069434,0,0,0,0.619328506,0.115778121,0,-0.005837486,0,0,0,0,0,0,0,0,0,0,0,0,0,0,0,0,0,0,0,0,0,0,0,0,-0.002755678,0,0,0,0,0,0,0,0,0,0.118386828,0.000456674,0,0
0,-0.020372285,-0.001328305,0,0,0.115778121,0.516781142,0.029855536,0.10971644,0,0,0,0,0,0,0,0,0,0,0,0,0,0,0,0,0,0,0,0,0,0,0,0,-0.002508783,0.000326621,0,0,0,0.001977036,0,0,0,0,0,-0.026084683,0,0.362148147
0,0,0,0,0,0,0.029855536,0.612178825,0.162229322,-0.095831886,-0.002747796,0,0,0,0,0,0,0,0,0,0,0,0,0,0,0,0,0,0,0,0,0,0,0,-0.001573571,0,0,0,0,0,0,0,0,0,0,0,-0.001992115
0,0,0,0,0,-0.005837486,0.10971644,0.162229322,0.519076546,0.23993522,0,0,0,0,0,0,0,0,0,0,0,0,0,0,0,0,0,0,0,0,0,0,0,0,0.002977613,0,0,0,0,0,0,0,0,-0.023761643,0,0,0
0,0,0,0.002802733,0,0,0,-0.095831886,0.23993522,0.594574313,0,0,0,0,0,0,0,0,0,0,0,0,0,0,0,0,0,0,0,0,0,0,0,-0.000877546,0.000342515,0,0,0,0,0,0,0,0,-0.000334527,0,0,0
0,0,0,0,0,0,0,-0.002747796,0,0,0.698887359,0,0,0,0,0,0,0,0,0,0,0,0,0,0,0,0,0,0.008305534,0,0,0,0,-0.002226776,0,0,0,0,0,0,0,0,0,0,0,0,0
0,0,0.005882582,0,0,0,0,0,0,0,0,0.481072263,0,0,0,0,0,0,0.079854923,0,0,0,0,0,0.064095781,0,0,0,0.009172432,0.131222579,0,0.114473277,0.031335529,0.070341345,0.067350261,0,0,0,0,0,0,0.06206458,0.031539626,0,0,0,0
0,0,0,-0.004232978,0,0,0,0,0,0,0,0,0.700392182,0,0,0,0,0,0,0,0,0,0,0,0,0,0,0,0,0,0,0,0,0.000761252,-5.48E-07,0,0,0,0,0,0,0,0,0,0,0.001097302,0
-0.02731481,0,0,0,0,0,0,0,0,0,0,0,0,0.691755499,0,-0.009486787,0,0,0,0,0,0,0,0,0,0,0,0,0,0,0,0,0,0,-0.000218864,0,0,0,0,0,0,0,0,0,0,0,0
0,0,-0.001570428,0,0,0,0,0,0,0,0,0,0,0,0.590118783,0,0,0,0,0,0,0,0,0,0,0,0,0.299743374,0,0,0,0,0,0,0.000990795,0,0,0,0.030439709,0,0,0,0,0,0,0,0
0,0,0,0,0,0,0,0,0,0,0,0,0,-0.009486787,0,0.599022639,0.119885427,0.084779446,0,0,0.064786148,0,0,0.008421854,0,0,0,0.033257629,0,0,0,0,0,-0.000897842,0,0,0,0.010625445,0,0,0,0,0,0,0,0,0
0,0,-0.006616466,0.001553404,0,0,0,0,0,0,0,0,0,0,0,0.119885427,0.566316989,0.227069609,0,0,0,0,0,0,0.015796005,0,0,0,0,0,0,0,0,-0.000130873,0,0,0,0.032316893,0,0,0,0,0,0,0,0,0
0,0,0,0,0,0,0,0,0,0,0,0,0,0,0,0.084779446,0.227069609,0.558170195,0.027697023,0,0,0,0,0,0,0,0,0,0,0.012100335,0,0,0,-0.003494708,0.001026895,0,0,0,0,0.07577005,0,0,0,0,0,0,0
0,0,0,0,0,0,0,0,0,0,0,0.079854923,0,0,0,0,0,0.027697023,0.670379313,0,0,0,0,0,0,0,0,0,0,0,0,0,0,0.002573423,0,0,0,0,0,0,0,0,0,0.001649254,0,0,0
0,0,0,0,0,0,0,0,0,0,0,0,0,0,0,0,0,0,0,0.699253315,0,0,0,0,0,0,0,0,0,0,0,0,0,-0.002103726,0,0,0,0,0,-0.01167529,0,0,0,0,0,0,0
0,0,0.002156867,0,0,0,0,0,0,0,0,0,0,0,0,0.064786148,0,0,0,0,0.667857136,0.053634305,0,0,0,0,0,0,0,0,0,0,0,0,-0.001218965,0,0,0,0,0,0,0,0,0,0,0,0
0,0,0.000143038,0,0,0,0,0,0,0,0,0,0,0,0,0,0,0,0,0,0.053634305,0.639961536,0.13513869,0,0,0,0,0,0,0,0,0,0,0,-0.001369739,0,0,0,0,0,0,0,0,0,0,0,0
0,0,0,0,0,0,0,0,0,0,0,0,0,0,0,0,0,0,0,0,0,0.13513869,0.654769453,0,0.003028515,0,0,0,0,0,0,0,0,-0.002278079,0,0,0,0,0,0,0,0,0,0,0,0,0
0,0,0,0.000644965,0,0,0,0,0,0,0,0,0,0,0,0.008421854,0,0,0,0,0,0,0,0.666018993,0,0,0,0,0,0.097127425,0,0,0,0.000302661,0,0,0,0,0,0,0,0,0,0.012884997,0,0,0
0,0,-0.002134863,0,0,0,0,0,0,0,0,0.064095781,0,0,0,0,0.015796005,0,0,0,0,0,0.003028515,0,0.534811909,0.024807137,0,0,0,0.116442941,0,0,0.002934571,0,0.001558329,0,0,0,0,0,0,0.10891377,0.143929262,0,0,0,0
0,0,0,0.009077361,0,0,0,0,0,0,0,0,0,0,0,0,0,0,0,0,0,0,0,0,0.024807137,0.647324679,0.126400754,0,0,0,0,0,0.009751807,0,-0.003728904,0,0,0,0,0,0,0.005952081,0,0.001190742,0,0,0
0,0,0,0,0,0,0,0,0,0,0,0,0,0,0,0,0,0,0,0,0,0,0,0,0,0.126400754,0.63450489,0,0,0,0.078557266,0,0,-2.59E-05,0,0,0,0,0,0,0,0,0,0,0,0,0
0,0,0,0,0,0,0,0,0,0,0,0,0,0,0.299743374,0.033257629,0,0,0,0,0,0,0,0,0,0,0,0.591558816,0,0,0,0,0,0,-4.69E-05,0,0,0,0,0,0,0,0,0,0,0,0
0,0,0,-0.000517731,0,0,0,0,0,0,0.008305534,0.009172432,0,0,0,0,0,0,0,0,0,0,0,0,0,0,0,0,0.682324587,0,0,0,0,0.002222794,0,0,0,0,0.055683061,0,0,0,0,0,0,0,0
0,0,0,0,0,0,0,0,0,0,0,0.131222579,0,0,0,0,0,0.012100335,0,0,0,0,0,0.097127425,0.116442941,0,0,0,0,0.545695647,0,0,0.015074503,0,0.000958526,0,0,0.019575465,0.027625088,0,0,0.045235945,0,0,0,0,0
0,0,0,0,0,0,0,0,0,0,0,0,0,0,0,0,0,0,0,0,0,0,0,0,0,0,0.078557266,0,0,0,0.661783796,0,-0.009981307,-0.002925856,0,0,0,0.034753471,0.001416746,0.010458989,0,0,0,0,0,0,0
0,0,0,0.000109606,0,0,0,0,0,0,0,0.114473277,0,0,0,0,0,0,0,0,0,0,0,0,0,0,0,0,0,0,0,0.490150063,0.149400873,0.309255575,0.308916091,0,0,0,0,0,0,0,0,0,0,0.049310162,0
0,0,0,0,0,0,0,0,0,0,0,0.031335529,0,0,0,0,0,0,0,0,0,0,0,0,0.002934571,0.009751807,0,0,0,0.015074503,-0.009981307,0.149400873,0.504201051,0.237401188,0.238284793,0.092992199,0,0,0,0,-0.002028307,0,0,0,0,0,-0.005944501
0,-0.000218007,-0.001033021,-0.000927728,0,-0.002755678,-0.002508783,0,0,-0.000877546,-0.002226776,0.070341345,0.000761252,0,0,-0.000897842,-0.000130873,-0.003494708,0.002573423,-0.002103726,0,0,-0.002278079,0.000302661,0,0,-2.59E-05,0,0.002222794,0,-0.002925856,0.309255575,0.237401188,0.430411874,0.428748279,0,0,-0.00134428,0,-0.002055416,0.001637278,0.001646242,-0.001695976,0,0,0,-6.03E-05
-0.003696236,0,0,0,0,0,0.000326621,-0.001573571,0.002977613,0.000342515,0,0.067350261,-5.48E-07,-0.000218864,0.000990795,0,0,0.001026895,0,0,-0.001218965,-0.001369739,0,0,0.001558329,-0.003728904,0,-4.69E-05,0,0.000958526,0,0.308916091,0.238284793,0.428748279,0.428715531,0.008051803,0.003403195,0,0.003911397,0,0,0,0,0.001202222,-0.000377544,-0.002761141,0
0,0,0,0,0,0,0,0,0,0,0,0,0,0,0,0,0,0,0,0,0,0,0,0,0,0,0,0,0,0,0,0,0.092992199,0,0.008051803,0.642020804,0,0,0,-0.014797149,0,0,0,0.065025919,0,0,-0.014417848
0,0,-0.004583533,0,0,0,0,0,0,0,0,0,0,0,0,0,0,0,0,0,0,0,0,0,0,0,0,0,0,0,0,0,0,0,0.003403195,0,0.648000131,0.039574466,0,0,0,0,0,0,0,0.12855767,0
0,0,0.005866792,0,0,0,0,0,0,0,0,0,0,0,0,0.010625445,0.032316893,0,0,0,0,0,0,0,0,0,0,0,0,0.019575465,0.034753471,0,0,-0.00134428,0,0,0.039574466,0.619267002,0.095186453,0.02098614,0,0.001040663,0,-0.015014872,0,0,0
0,0,0,0,0,0,0.001977036,0,0,0,0,0,0,0,0.030439709,0,0,0,0,0,0,0,0,0,0,0,0,0,0.055683061,0.027625088,0.001416746,0,0,0,0.003911397,0,0,0.095186453,0.623844562,0.03040964,0,0,0,-0.0101684,0,0,0
0.100035415,0,0.014138948,0,0,0,0,0,0,0,0,0,0,0,0,0,0,0.07577005,0,-0.01167529,0,0,0,0,0,0,0,0,0,0,0.010458989,0,0,-0.002055416,0,-0.014797149,0,0.02098614,0.03040964,0.599662184,0,0,0,0,0,0,0.0408762
0,0,0,0,0,0,0,0,0,0,0,0,0,0,0,0,0,0,0,0,0,0,0,0,0,0,0,0,0,0,0,0,-0.002028307,0.001637278,0,0,0,0,0,0,0.699052033,0,0,0,-0.007116112,0,0
0,0,0,0,0,0,0,0,0,0,0,0.06206458,0,0,0,0,0,0,0,0,0,0,0,0,0.10891377,0.005952081,0,0,0,0.045235945,0,0,0,0.001646242,0,0,0,0.001040663,0,0,0,0.56545905,0.170353375,0,0,0,0
0,0,0.00155199,0,0,0,0,0,0,0,0,0.031539626,0,0,0,0,0,0,0,0,0,0,0,0,0.143929262,0,0,0,0,0,0,0,0,-0.001695976,0,0,0,0,0,0,0,0.170353375,0.587235703,0,0,0,0
0,0,0,0,0,0.118386828,0,0,-0.023761643,-0.000334527,0,0,0,0,0,0,0,0,0.001649254,0,0,0,0,0.012884997,0,0.001190742,0,0,0,0,0,0,0,0,0.001202222,0.065025919,0,-0.015014872,-0.0101684,0,0,0,0,0.471949849,0.450829079,-0.004331162,-0.004025343
0.001359735,0.004710205,-0.000847693,0,0,0.000456674,-0.026084683,0,0,0,0,0,0,0,0,0,0,0,0,0,0,0,0,0,0,0,0,0,0,0,0,0,0,0,-0.000377544,0,0,0,0,0,-0.007116112,0,0,0.450829079,0.574321198,0.00459538,0
0,0,0,-0.003046524,0,0,0,0,0,0,0,0,0.001097302,0,0,0,0,0,0,0,0,0,0,0,0,0,0,0,0,0,0,0.049310162,0,0,-0.002761141,0,0.12855767,0,0,0,0,0,0,-0.004331162,0.00459538,0.641601842,0
0.050284731,0,0,0,0,0,0.362148147,-0.001992115,0,0,0,0,0,0,0,0,0,0,0,0,0,0,0,0,0,0,0,0,0,0,0,0,-0.005944501,-6.03E-05,0,-0.014417848,0,0,0,0.0408762,0,0,0,-0.004025343,0,0,0.550095409
0.606338037,0.02918697,0,0.000254619,0,0,0,0,0,0,0,0,0,-0.02065532,0,0,0,0,0,0,0,0,0,0,0,0,0,0,0,0,0,0,0,0,-0.003500588,0,0,0,0,0.080412916,0,0,0,0,0.000536313,0,0.046506281
0.02918697,0.63763332,0,0,0,0.041467596,-0.012724884,0,0,0,0,0,0,0,0,0,0,0,0,0,0,0,0,0,0,0,0,0,0,0,0,0,0,-0.000238741,0,0,0,0,0,0,0,0,0,0,0.003474393,0,0
0,0,0.489701031,0.473388718,0,0,-0.001003354,0,0,0,0,0.004597192,0,0,-0.001301977,0,-0.004140006,0,0,0,0.001596734,0,0,0,-0.001400068,0,0,0,0,0,0,0,0,-0.000885747,0,0,-0.003233033,0.004478358,0,0.012731591,0,0,0.001003284,0,-0.000606668,0,0
0.000254619,0,0.473388718,0.482231772,0.02173263,0,0,0,0,0.002087148,0,0,-0.003428168,0,0,0,0.003268242,0,0,0,0,0,0,0.00010525,0,0.008085386,0,0,0,0,0,0,0,-0.000775119,0,0,0,0,0,0,0,0,0,0,2.89E-05,-0.002033033,0
0,0,0,0.02173263,0.655730423,0,0,0,0,0,0,0,0,0,0,0,0,0,0,0,0,0,0,0,0,0,0,0,0,0,0,0,0,0,0,0,0,0,0,0,0,0,0,0,0,0,0
0,0.041467596,0,0,0,0.587115515,0.100219459,0,-0.000239104,0,0,0,0,0,0,0,0,0,0,0,0,0,0,0,0,0,0,0,0,0,0,0,0,-0.002447553,0,0,0,0,0,0,0,0,0,0.108795816,0,0,0
0,-0.012724884,-0.001003354,0,0,0.100219459,0.478878153,0.020376705,0.103311,0,0,0,0,0,0,0,0,0,0,0,0,0,0,0,0,0,0,0,0,0,0,0,0,-0.001203672,0.001453876,0,0,0,0.002851776,0,0,0,0,0,-0.022048363,0,0.324229206
0,0,0,0,0,0,0.020376705,0.589656622,0.136846096,-0.077349309,0,0,0,0,0,0,0,0,0,0,0,0,0,0,0,0,0,0,0,0,0,0,0,0,-0.001626149,0,0,0,0,0,0,0,0,0,0,0,0
0,0,0,0,0,-0.000239104,0.103311,0.136846096,0.493925782,0.207222384,0,0,0,0,0,0,0,0,0,0,0,0,0,0,0,0,0,0,0,0,0,0,0,-0.00062339,0.002310893,0,0,0,0,0,0,0,0,-0.023304183,0,0,0
0,0,0,0.002087148,0,0,0,-0.077349309,0.207222384,0.564036889,0,0,0,0,0,0,0,0,0,0,0,0,0,0,0,0,0,0,0,0,0,0,0,-0.000143674,0.000796066,0,0,0,0,0,0,0,0,0,0,0,0
0,0,0,0,0,0,0,0,0,0,0.658917626,0,0,0,0,0,0,0,0,0,0,0,0,0,0,0,0,0,0.005017597,0,0,0,0,-0.002098469,0,0,0,0,0,0,0,0,0,0,0,0,0
0,0,0.004597192,0,0,0,0,0,0,0,0,0.476134935,0,0,0,0,0,0,0.07156773,0,0,0,0,0,0.05597808,0,0,0,0.010637387,0.121828624,0,0.089896492,0.011603264,0.040750909,0.03782319,0,0,0,0,0,0,0.047923735,0.02028027,0,0,0,0
0,0,0,-0.003428168,0,0,0,0,0,0,0,0,0.660321112,0,0,0,0,0,0,0,0,0,0,0,0,0,0,0,0,0,0,0,0,0,-0.000688532,0,0,0,0,0,0,0,0,0,0,0,0
-0.02065532,0,0,0,0,0,0,0,0,0,0,0,0,0.653733754,0,-0.001828302,0,0,0,0,0,0,0,0,0,0,0,0,0,0,0,0,0,0,-0.000110919,0,0,0,0,0,0,0,0,0,0,0,0
0,0,-0.001301977,0,0,0,0,0,0,0,0,0,0,0,0.553388125,0,0,0,0,0,0,0,0,0,0,0,0,0.260726747,0,0,0,0,0,0,0.000841648,0,0,0,0.02286792,0,0,0,0,0,0,0,0
0,0,0,0,0,0,0,0,0,0,0,0,0,-0.001828302,0,0.579883612,0.091734379,0.059055307,0,0,0.055901329,0,0,0.009061857,0,0,0,0.020036753,0,0,0,0,0,-0.000711001,0,0,0,0.012086279,0,0,0,0,0,0,0,0,0
0,0,-0.004140006,0.003268242,0,0,0,0,0,0,0,0,0,0,0,0.091734379,0.536932423,0.199268288,0,0,0,0,0,0,0.008840754,0,0,0,0,0,0,0,0,0,0,0,0,0.030993846,0,0,0,0,0,0,0,0,0
0,0,0,0,0,0,0,0,0,0,0,0,0,0,0,0.059055307,0.199268288,0.534320767,0.021032852,0,0,0,0,0,0,0,0,0,0,0.009890827,0,0,0,0,0.0043465,0,0,0,0,0.065414887,0,0,0,0,0,0,0
0,0,0,0,0,0,0,0,0,0,0,0.07156773,0,0,0,0,0,0.021032852,0.633330119,0,0,0,0,0,0,0,0,0,0,0,0,0,0,0.002434516,0,0,0,0,0,0,0,0,0,0.000211159,0,0,0
0,0,0,0,0,0,0,0,0,0,0,0,0,0,0,0,0,0,0,0.659376935,0,0,0,0,0,0,0,0,0,0,0,0,0,-0.00189334,0,0,0,0,0,-0.006731027,0,0,0,0,0,0,0
0,0,0.001596734,0,0,0,0,0,0,0,0,0,0,0,0,0.055901329,0,0,0,0,0.630326342,0.047399438,0,0,0,0,0,0,0,0,0,0,0,0,-0.001044422,0,0,0,0,0,0,0,0,0,0,0,0
0,0,0,0,0,0,0,0,0,0,0,0,0,0,0,0,0,0,0,0,0.047399438,0.611893423,0.105451466,0,0,0,0,0,0,0,0,0,0,0,-0.001328726,0,0,0,0,0,0,0,0,0,0,0,0
0,0,0,0,0,0,0,0,0,0,0,0,0,0,0,0,0,0,0,0,0,0.105451466,0.625376133,0,0,0,0,0,0,0,0,0,0,-0.002083346,0,0,0,0,0,0,0,0,0,0,0,0,0
0,0,0,0.00010525,0,0,0,0,0,0,0,0,0,0,0,0.009061857,0,0,0,0,0,0,0,0.628969201,0,0,0,0,0,0.078887633,0,0,0,0.000345401,0,0,0,0,0,0,0,0.003866636,0,0.010497384,0,0,0
0,0,-0.001400068,0,0,0,0,0,0,0,0,0.05597808,0,0,0,0,0.008840754,0,0,0,0,0,0,0,0.511240631,0.024278029,0,0,0,0.096502729,0,0,0.005889597,0,0.00152663,0,0,0,0,0,0,0.083964112,0.121647621,0,0,0,0
0,0,0,0.008085386,0,0,0,0,0,0,0,0,0,0,0,0,0,0,0,0,0,0,0,0,0.024278029,0.613972344,0.099352626,0,0,0,0,0,0.005529944,0,-0.003442906,0,0,0,0,0,0,0.01030052,0,0,0,0,0
0,0,0,0,0,0,0,0,0,0,0,0,0,0,0,0,0,0,0,0,0,0,0,0,0,0.099352626,0.607228681,0,0,0,0.069115356,0,0,-5.25E-05,0,0,0,0,0,0,0,0,0,0,0,0,0
0,0,0,0,0,0,0,0,0,0,0,0,0,0,0.260726747,0.020036753,0,0,0,0,0,0,0,0,0,0,0,0.555827427,0,0,0,0,0,0,-8.04E-05,0,0,0,0,0,0,0,0,0,0,0,0
0,0,0,0,0,0,0,0,0,0,0.005017597,0.010637387,0,0,0,0,0,0,0,0,0,0,0,0,0,0,0,0,0.641275151,0,0,0,0,0.00204815,0,0,0,0,0.047668771,0,0,0,0,0,0,0,0
0,0,0,0,0,0,0,0,0,0,0,0.121828624,0,0,0,0,0,0.009890827,0,0,0,0,0,0.078887633,0.096502729,0,0,0,0,0.520692912,0,0,0.014132931,0,0.000985811,0,0,0.019500897,0.025457891,0,0,0.027212103,0,0,0,0,0
0,0,0,0,0,0,0,0,0,0,0,0,0,0,0,0,0,0,0,0,0,0,0,0,0,0,0.069115356,0,0,0,0.624229838,0,-0.008477149,-0.002739966,0,0,0,0.028897918,0.000709345,0.007173959,0,0,0,0,0,0,0
0,0,0,0,0,0,0,0,0,0,0,0.089896492,0,0,0,0,0,0,0,0,0,0,0,0,0,0,0,0,0,0,0,0.443377344,0.108835635,0.256835549,0.256767149,0,0,0,0,0,0,0,0,0,0,0.035204928,0
0,0,0,0,0,0,0,0,0,0,0,0.011603264,0,0,0,0,0,0,0,0,0,0,0,0,0.005889597,0.005529944,0,0,0,0.014132931,-0.008477149,0.108835635,0.474659226,0.194823115,0.195677711,0.079855068,0,0,0,0,0,0,0,0,0,0,-0.003338499
0,-0.000238741,-0.000885747,-0.000775119,0,-0.002447553,-0.001203672,0,-0.00062339,-0.000143674,-0.002098469,0.040750909,0,0,0,-0.000711001,0,0,0.002434516,-0.00189334,0,0,-0.002083346,0.000345401,0,0,-5.25E-05,0,0.00204815,0,-0.002739966,0.256835549,0.194823115,0.376049241,0.374600604,0,0,-0.001061234,0,-0.00195953,0.001511786,0.001675215,-0.001544146,0,0,0,-3.53E-06
-0.003500588,0,0,0,0,0,0.001453876,-0.001626149,0.002310893,0.000796066,0,0.03782319,-0.000688532,-0.000110919,0.000841648,0,0,0.0043465,0,0,-0.001044422,-0.001328726,0,0,0.00152663,-0.003442906,0,-8.04E-05,0,0.000985811,0,0.256767149,0.195677711,0.374600604,0.374756557,0.007493966,0.003322754,0,0.003712821,0,0,0,0,0.001171458,-0.000272579,-0.002804363,0
0,0,0,0,0,0,0,0,0,0,0,0,0,0,0,0,0,0,0,0,0,0,0,0,0,0,0,0,0,0,0,0,0.079855068,0,0.007493966,0.607189523,0,0,0,-0.009003623,0,0,0,0.060835519,0,0,-0.014121429
0,0,-0.003233033,0,0,0,0,0,0,0,0,0,0,0,0,0,0,0,0,0,0,0,0,0,0,0,0,0,0,0,0,0,0,0,0.003322754,0,0.619675758,0.029019885,0,0,0,0,0,0,0,0.102240315,0
0,0,0.004478358,0,0,0,0,0,0,0,0,0,0,0,0,0.012086279,0.030993846,0,0,0,0,0,0,0,0,0,0,0,0,0.019500897,0.028897918,0,0,-0.001061234,0,0,0.029019885,0.586818125,0.071637499,0.018495856,0,0.007061463,0,-0.011241571,0,0,0
0,0,0,0,0,0,0.002851776,0,0,0,0,0,0,0,0.02286792,0,0,0,0,0,0,0,0,0,0,0,0,0,0.047668771,0.025457891,0.000709345,0,0,0,0.003712821,0,0,0.071637499,0.595226872,0.02807585,0,0,0,-0.00664265,0,0,0
0.080412916,0,0.012731591,0,0,0,0,0,0,0,0,0,0,0,0,0,0,0.065414887,0,-0.006731027,0,0,0,0,0,0,0,0,0,0,0.007173959,0,0,-0.00195953,0,-0.009003623,0,0.018495856,0.02807585,0.575042552,0,0,0,0,0,0,0.034685195
0,0,0,0,0,0,0,0,0,0,0,0,0,0,0,0,0,0,0,0,0,0,0,0,0,0,0,0,0,0,0,0,0,0.001511786,0,0,0,0,0,0,0.660094637,0,0,0,-0.003706996,0,0
0,0,0,0,0,0,0,0,0,0,0,0.047923735,0,0,0,0,0,0,0,0,0,0,0,0.003866636,0.083964112,0.01030052,0,0,0,0.027212103,0,0,0,0.001675215,0,0,0,0.007061463,0,0,0,0.539039671,0.14512413,0,0,0,0
0,0,0.001003284,0,0,0,0,0,0,0,0,0.02028027,0,0,0,0,0,0,0,0,0,0,0,0,0.121647621,0,0,0,0,0,0,0,0,-0.001544146,0,0,0,0,0,0,0,0.14512413,0.556026752,0,0,0,0
0,0,0,0,0,0.108795816,0,0,-0.023304183,0,0,0,0,0,0,0,0,0,0.000211159,0,0,0,0,0.010497384,0,0,0,0,0,0,0,0,0,0,0.001171458,0.060835519,0,-0.011241571,-0.00664265,0,0,0,0,0.43218603,0.407220074,-0.00162331,-0.004245288
0.000536313,0.003474393,-0.000606668,2.89E-05,0,0,-0.022048363,0,0,0,0,0,0,0,0,0,0,0,0,0,0,0,0,0,0,0,0,0,0,0,0,0,0,0,-0.000272579,0,0,0,0,0,-0.003706996,0,0,0.407220074,0.523927652,0.003922239,0
0,0,0,-0.002033033,0,0,0,0,0,0,0,0,0,0,0,0,0,0,0,0,0,0,0,0,0,0,0,0,0,0,0,0.035204928,0,0,-0.002804363,0,0.102240315,0,0,0,0,0,0,-0.00162331,0.003922239,0.615720623,0
0.046506281,0,0,0,0,0,0.324229206,0,0,0,0,0,0,0,0,0,0,0,0,0,0,0,0,0,0,0,0,0,0,0,0,0,-0.003338499,-3.53E-06,0,-0.014121429,0,0,0,0.034685195,0,0,0,-0.004245288,0,0,0.506823608
0.623599742,0.002510077,0,0,0,0,0,0,0,0,0,0,0,0,0,0,0,0,0,0,0,0,0,0,0,0,0,0,0,0,0,0,0,0,-0.00339019,0,0,0,0,0.079301492,0,0,0,0,0,0,0.035317193
0.002510077,0.665767451,0,0,0,0.031659518,-0.001281531,0,0,0,0,0,0,0,0,0,0,0,0,0,0,0,0,0,0,0,0,0,0,0,0,0,0,-0.000340335,0,0,0,0,0,0,0,0,0,0,0,0,0
0,0,0.498410511,0.482010547,0,0,-0.000391546,0,0,0,0,0.003163803,0,0,-0.000609084,0,-0.00509408,0,0,0,0.000407491,0,0,0,-0.000423206,0,0,0,0,0,0,0,0,-0.000819327,0,0,-0.000899484,0.001814212,0,0.011639244,0,0,0.000518774,0,0,0,0
0,0,0.482010547,0.490950014,0.02101405,0,0,0,0,0.001002759,0,0,-0.002299774,0,0,0,0.001622875,0,0,0,0,0,0,0,0,0.0070772,0,0,0,0,0,0,0,-0.000693906,0,0,0,0,0,0,0,0,0,0,7.24E-05,-0.000500361,0
0,0,0,0.02101405,0.676036014,0,0,0,0,0,0,0,0,0,0,0,0,0,0,0,0,0,0,0,0,0,0,0,0,0,0,0,0,0,0,0,0,0,0,0,0,0,0,0,0,0,0
0,0.031659518,0,0,0,0.584483122,0.094065356,0,0,0,0,0,0,0,0,0,0,0,0,0,0,0,0,0,0,0,0,0,0,0,0,0,0,-0.002230086,0,0,0,0,0,0,0,0,0,0.103611508,0,0,0
0,-0.001281531,-0.000391546,0,0,0.094065356,0.478288405,0.012492056,0.093644325,0,0,0,0,0,0,0,0,0,0,0,0,0,0,0,0,0,0,0,0,0,0,0,0,0,0.002547474,0,0,0,0,0,0,0,0,0,-0.020262887,0,0.324681459
0,0,0,0,0,0,0.012492056,0.584211216,0.150443112,-0.071491419,0,0,0,0,0,0,0,0,0,0,0,0,0,0,0,0,0,0,0,0,0,0,0,0,-0.001526287,0,0,0,0,0,0,0,0,0,0,0,0
0,0,0,0,0,0,0.093644325,0.150443112,0.490392296,0.22223627,0,0,0,0,0,0,0,0,0,0,0,0,0,0,0,0,0,0,0,0,0,0,0,0,0.002788484,0,0,0,0,0,0,0,0,-0.020511715,0,0,0
0,0,0,0.001002759,0,0,0,-0.071491419,0.22223627,0.563406973,0,0,0,0,0,0,0,0,0,0,0,0,0,0,0,0,0,0,0,0,0,0,0,-5.47E-05,0.000911333,0,0,0,0,0,0,0,0,0,0,0,0
0,0,0,0,0,0,0,0,0,0,0.685499445,0,0,0,0,0,0,0,0,0,0,0,0,0,0,0,0,0,0,0,0,0,0,-0.002117893,0,0,0,0,0,0,0,0,0,0,0,0,0
0,0,0.003163803,0,0,0,0,0,0,0,0,0.468194947,0,0,0,0,0,0,0.065326332,0,0,0,0,0,0.051128637,0,0,0,0,0.115843498,0,0.079257256,0.009820387,0.032505567,0.029664248,0,0,0,0,0,0,0.043975338,0.013337816,0,0,0,0
0,0,0,-0.002299774,0,0,0,0,0,0,0,0,0.686369735,0,0,0,0,0,0,0,0,0,0,0,0,0,0,0,0,0,0,0,0,0,-0.000657047,0,0,0,0,0,0,0,0,0,0,0,0
0,0,0,0,0,0,0,0,0,0,0,0,0,0.684015578,0,0,0,0,0,0,0,0,0,0,0,0,0,0,0,0,0,0,0,0,-2.23E-05,0,0,0,0,0,0,0,0,0,0,0,0
0,0,-0.000609084,0,0,0,0,0,0,0,0,0,0,0,0.570386738,0,0,0,0,0,0,0,0,0,0,0,0,0.268461557,0,0,0,0,0,0,0.000625105,0,0,0,0.000564776,0,0,0,0,0,0,0,0
0,0,0,0,0,0,0,0,0,0,0,0,0,0,0,0.585975411,0.095179596,0.060134094,0,0,0.043717435,0,0,0,0,0,0,0.001858595,0,0,0,0,0,-0.000623139,0,0,0,0,0,0,0,0,0,0,0,0,0
0,0,-0.00509408,0.001622875,0,0,0,0,0,0,0,0,0,0,0,0.095179596,0.540196864,0.19601027,0,0,0,0,0,0,0,0,0,0,0,0,0,0,0,0,0,0,0,0.009833764,0,0,0,0,0,0,0,0,0
0,0,0,0,0,0,0,0,0,0,0,0,0,0,0,0.060134094,0.19601027,0.535183459,0,0,0,0,0,0,0,0,0,0,0,0,0,0,0,0,0.004380811,0,0,0,0,0.057443987,0,0,0,0,0,0,0
0,0,0,0,0,0,0,0,0,0,0,0.065326332,0,0,0,0,0,0,0.655856887,0,0,0,0,0,0,0,0,0,0,0,0,0,0,0.002555993,0,0,0,0,0,0,0,0,0,0,0,0,0
0,0,0,0,0,0,0,0,0,0,0,0,0,0,0,0,0,0,0,0.685800848,0,0,0,0,0,0,0,0,0,0,0,0,0,-0.001806064,0,0,0,0,0,0,0,0,0,0,0,0,0
0,0,0.000407491,0,0,0,0,0,0,0,0,0,0,0,0,0.043717435,0,0,0,0,0.648697564,0.025859281,0,0,0,0,0,0,0,0,0,0,0,0,-0.000853882,0,0,0,0,0,0,0,0,0,0,0,0
0,0,0,0,0,0,0,0,0,0,0,0,0,0,0,0,0,0,0,0,0.025859281,0.617413717,0.112663878,0,0,0,0,0,0,0,0,0,0,0,-0.001264072,0,0,0,0,0,0,0,0,0,0,0,0
0,0,0,0,0,0,0,0,0,0,0,0,0,0,0,0,0,0,0,0,0,0.112663878,0.632052111,0,0,0,0,0,0,0,0,0,0,-0.001931096,0,0,0,0,0,0,0,0,0,0,0,0,0
0,0,0,0,0,0,0,0,0,0,0,0,0,0,0,0,0,0,0,0,0,0,0,0.648140642,0,0,0,0,0,0.075303415,0,0,0,0.000337927,0,0,0,0,0,0,0,0,0,0.005975084,0,0,0
0,0,-0.000423206,0,0,0,0,0,0,0,0,0.051128637,0,0,0,0,0,0,0,0,0,0,0,0,0.512084228,0.005855869,0,0,0,0.088598302,0,0,0.000402939,0,0.001528443,0,0,0,0,0,0,0.082446151,0.117755932,0,0,0,0
0,0,0,0.0070772,0,0,0,0,0,0,0,0,0,0,0,0,0,0,0,0,0,0,0,0,0.005855869,0.629651844,0.102297901,0,0,0,0,0,0,3.51E-05,-0.003365995,0,0,0,0,0,0,0,0,0,0,0,0
0,0,0,0,0,0,0,0,0,0,0,0,0,0,0,0,0,0,0,0,0,0,0,0,0,0.102297901,0.607696584,0,0,0,0.056982721,0,0,0,0,0,0,0,0,0,0,0,0,0,0,0,0
0,0,0,0,0,0,0,0,0,0,0,0,0,0,0.268461557,0.001858595,0,0,0,0,0,0,0,0,0,0,0,0.57022829,0,0,0,0,0,0,-9.43E-05,0,0,0,0,0,0,0,0,0,0,0,0
0,0,0,0,0,0,0,0,0,0,0,0,0,0,0,0,0,0,0,0,0,0,0,0,0,0,0,0,0.666916138,0,0,0,0,0.001950999,0,0,0,0,0.031790164,0,0,0,0,0,0,0,0
0,0,0,0,0,0,0,0,0,0,0,0.115843498,0,0,0,0,0,0,0,0,0,0,0,0.075303415,0.088598302,0,0,0,0,0.52151856,0,0,0.004718895,0,0.000824806,0,0,0.006048313,0.009294317,0,0,0.024381018,0,0,0,0,0
0,0,0,0,0,0,0,0,0,0,0,0,0,0,0,0,0,0,0,0,0,0,0,0,0,0,0.056982721,0,0,0,0.647525219,0,0,-0.002760929,0,0,0,0.008501131,0,0,0,0,0,0,0,0,0
0,0,0,0,0,0,0,0,0,0,0,0.079257256,0,0,0,0,0,0,0,0,0,0,0,0,0,0,0,0,0,0,0,0.434794033,0.099548668,0.244705898,0.244819286,0,0,0,0,0,0,0,0,0,0,0.024201266,0
0,0,0,0,0,0,0,0,0,0,0,0.009820387,0,0,0,0,0,0,0,0,0,0,0,0,0.000402939,0,0,0,0,0.004718895,0,0.099548668,0.471263272,0.184653891,0.185464445,0.076435207,0,0,0,0,0,0,0,0,0,0,0
0,-0.000340335,-0.000819327,-0.000693906,0,-0.002230086,0,0,0,-5.47E-05,-0.002117893,0.032505567,0,0,0,-0.000623139,0,0,0.002555993,-0.001806064,0,0,-0.001931096,0.000337927,0,3.51E-05,0,0,0.001950999,0,-0.002760929,0.244705898,0.184653891,0.362608648,0.361218787,0,0,-0.000952258,0,-0.001765025,0.001510676,0.00156623,-0.001442405,0,0,0,-0.000164307
-0.00339019,0,0,0,0,0,0.002547474,-0.001526287,0.002788484,0.000911333,0,0.029664248,-0.000657047,-2.23E-05,0.000625105,0,0,0.004380811,0,0,-0.000853882,-0.001264072,0,0,0.001528443,-0.003365995,0,-9.43E-05,0,0.000824806,0,0.244819286,0.185464445,0.361218787,0.361416782,0.007380166,0.003288631,0,0.003674469,0,0,0,0,0.001163967,-0.000162735,-0.002827842,0
0,0,0,0,0,0,0,0,0,0,0,0,0,0,0,0,0,0,0,0,0,0,0,0,0,0,0,0,0,0,0,0,0.076435207,0,0.007380166,0.615457705,0,0,0,0,0,0,0,0.058073077,0,0,-0.000558279
0,0,-0.000899484,0,0,0,0,0,0,0,0,0,0,0,0,0,0,0,0,0,0,0,0,0,0,0,0,0,0,0,0,0,0,0,0.003288631,0,0.630420944,0.006967984,0,0,0,0,0,0,0,0.104108526,0
0,0,0.001814212,0,0,0,0,0,0,0,0,0,0,0,0,0,0.009833764,0,0,0,0,0,0,0,0,0,0,0,0,0.006048313,0.008501131,0,0,-0.000952258,0,0,0.006967984,0.619155076,0.083009056,0.000287437,0,0,0,-0.005453896,0,0,0
0,0,0,0,0,0,0,0,0,0,0,0,0,0,0.000564776,0,0,0,0,0,0,0,0,0,0,0,0,0,0.031790164,0.009294317,0,0,0,0,0.003674469,0,0,0.083009056,0.614501104,0.005803218,0,0,0,-0.002675645,0,0,0
0.079301492,0,0.011639244,0,0,0,0,0,0,0,0,0,0,0,0,0,0,0.057443987,0,0,0,0,0,0,0,0,0,0,0,0,0,0,0,-0.001765025,0,0,0,0.000287437,0.005803218,0.592760113,0,0,0,0,0,0,0.028229348
0,0,0,0,0,0,0,0,0,0,0,0,0,0,0,0,0,0,0,0,0,0,0,0,0,0,0,0,0,0,0,0,0,0.001510676,0,0,0,0,0,0,0.686799309,0,0,0,0,0,0
0,0,0,0,0,0,0,0,0,0,0,0.043975338,0,0,0,0,0,0,0,0,0,0,0,0,0.082446151,0,0,0,0,0.024381018,0,0,0,0.00156623,0,0,0,0,0,0,0,0.539802791,0.142612452,0,0,0,0
0,0,0.000518774,0,0,0,0,0,0,0,0,0.013337816,0,0,0,0,0,0,0,0,0,0,0,0,0.117755932,0,0,0,0,0,0,0,0,-0.001442405,0,0,0,0,0,0,0,0.142612452,0.553407684,0,0,0,0
0,0,0,0,0,0.103611508,0,0,-0.020511715,0,0,0,0,0,0,0,0,0,0,0,0,0,0,0.005975084,0,0,0,0,0,0,0,0,0,0,0.001163967,0.058073077,0,-0.005453896,-0.002675645,0,0,0,0,0.430259805,0.403941471,0,-0.002569941
0,0,0,7.24E-05,0,0,-0.020262887,0,0,0,0,0,0,0,0,0,0,0,0,0,0,0,0,0,0,0,0,0,0,0,0,0,0,0,-0.000162735,0,0,0,0,0,0,0,0,0.403941471,0.518939359,0,0
0,0,0,-0.000500361,0,0,0,0,0,0,0,0,0,0,0,0,0,0,0,0,0,0,0,0,0,0,0,0,0,0,0,0.024201266,0,0,-0.002827842,0,0.104108526,0,0,0,0,0,0,0,0,0.624822639,0
0.035317193,0,0,0,0,0,0.324681459,0,0,0,0,0,0,0,0,0,0,0,0,0,0,0,0,0,0,0,0,0,0,0,0,0,0,-0.000164307,0,-0.000558279,0,0,0,0.028229348,0,0,0,-0.002569941,0,0,0.5163736
0.612416205,0,0,0,0,0,0,0,0,0,0,0,0,0,0,0,0,0,0,0,0,0,0,0,0,0,0,0,0,0,0,0,0,0,-0.003268401,0,0,0,0,0.064741595,0,0,0,0,0,0,0.027817649
0,0.655928962,0,0,0,0.012203434,0,0,0,0,0,0,0,0,0,0,0,0,0,0,0,0,0,0,0,0,0,0,0,0,0,0,0,-0.000269825,0,0,0,0,0,0,0,0,0,0,0,0,0
0,0,0.474499988,0.458169052,0,0,0,0,0,0,0,0.00185811,0,0,-0.000147506,0,-0.003138838,0,0,0,0,0,0,0,0,0,0,0,0,0,0,0,0,-0.000734015,0,0,0,0.000125769,0,0.010693767,0,0,0.000138897,0,0,0,0
0,0,0.458169052,0.467341709,0.019677191,0,0,0,0,5.29E-05,0,0,-0.001488339,0,0,0,0.002408014,0,0,0,0,0,0,0,0,0.005998218,0,0,0,0,0,0,0,-0.000608479,0,0,0,0,0,0,0,0,0,0,0,0,0
0,0,0,0.019677191,0.654668829,0,0,0,0,0,0,0,0,0,0,0,0,0,0,0,0,0,0,0,0,0,0,0,0,0,0,0,0,0,0,0,0,0,0,0,0,0,0,0,0,0,0
0,0.012203434,0,0,0,0.573440763,0.078281793,0,0,0,0,0,0,0,0,0,0,0,0,0,0,0,0,0,0,0,0,0,0,0,0,0,0,-0.001963589,0,0,0,0,0,0,0,0,0,0.097004048,0,0,0
0,0,0,0,0,0.078281793,0.463021488,0.003240234,0.087162118,0,0,0,0,0,0,0,0,0,0,0,0,0,0,0,0,0,0,0,0,0,0,0,0,0,0.002454325,0,0,0,0,0,0,0,0,0,-0.01603918,0,0.306684313
0,0,0,0,0,0,0.003240234,0.570445236,0.13852512,-0.060613494,0,0,0,0,0,0,0,0,0,0,0,0,0,0,0,0,0,0,0,0,0,0,0,0,-0.001548798,0,0,0,0,0,0,0,0,0,0,0,0
0,0,0,0,0,0,0.087162118,0.13852512,0.472877827,0.207071405,0,0,0,0,0,0,0,0,0,0,0,0,0,0,0,0,0,0,0,0,0,0,0,-0.000170755,0.002539442,0,0,0,0,0,0,0,0,-0.019942951,0,0,0
0,0,0,5.29E-05,0,0,0,-0.060613494,0.207071405,0.544763443,0,0,0,0,0,0,0,0,0,0,0,0,0,0,0,0,0,0,0,0,0,0,0,0,0.000828673,0,0,0,0,0,0,0,0,0,0,0,0
0,0,0,0,0,0,0,0,0,0,0.664010825,0,0,0,0,0,0,0,0,0,0,0,0,0,0,0,0,0,0,0,0,0,0,-0.002042363,0,0,0,0,0,0,0,0,0,0,0,0,0
0,0,0.00185811,0,0,0,0,0,0,0,0,0.471725775,0,0,0,0,0,0,0.055167124,0,0,0,0,0,0.046062631,0,0,0,0,0.112929997,0,0.068446175,0.001512203,0.019503994,0.016665818,0,0,0,0,0,0,0.03636839,0.003186462,0,0,0,0
0,0,0,-0.001488339,0,0,0,0,0,0,0,0,0.664902482,0,0,0,0,0,0,0,0,0,0,0,0,0,0,0,0,0,0,0,0,0,-0.000611992,0,0,0,0,0,0,0,0,0,0,0,0
0,0,0,0,0,0,0,0,0,0,0,0,0,0.663578154,0,0,0,0,0,0,0,0,0,0,0,0,0,0,0,0,0,0,0,0,0,0,0,0,0,0,0,0,0,0,0,0,0
0,0,-0.000147506,0,0,0,0,0,0,0,0,0,0,0,0.550207077,0,0,0,0,0,0,0,0,0,0,0,0,0.247966186,0,0,0,0,0,0,0.000533968,0,0,0,0,0,0,0,0,0,0,0,0
0,0,0,0,0,0,0,0,0,0,0,0,0,0,0,0.579075947,0.081425492,0.045652385,0,0,0.02846821,0,0,0,0,0,0,0,0,0,0,0,0,-0.000413878,0,0,0,0,0,0,0,0,0,0,0,0,0
0,0,-0.003138838,0.002408014,0,0,0,0,0,0,0,0,0,0,0,0.081425492,0.527399925,0.182558915,0,0,0,0,0,0,0,0,0,0,0,0,0,0,0,0,0,0,0,0.000289502,0,0,0,0,0,0,0,0,0
0,0,0,0,0,0,0,0,0,0,0,0,0,0,0,0.045652385,0.182558915,0.523171605,0,0,0,0,0,0,0,0,0,0,0,0,0,0,0,0,0.004298713,0,0,0,0,0.046730876,0,0,0,0,0,0,0
0,0,0,0,0,0,0,0,0,0,0,0.055167124,0,0,0,0,0,0,0.637683178,0,0,0,0,0,0,0,0,0,0,0,0,0,0,0.002376753,0,0,0,0,0,0,0,0,0,0,0,0,0
0,0,0,0,0,0,0,0,0,0,0,0,0,0,0,0,0,0,0,0.664381384,0,0,0,0,0,0,0,0,0,0,0,0,0,-0.001659075,0,0,0,0,0,0,0,0,0,0,0,0,0
0,0,0,0,0,0,0,0,0,0,0,0,0,0,0,0.02846821,0,0,0,0,0.638374133,0.011779085,0,0,0,0,0,0,0,0,0,0,0,0,-0.000712971,0,0,0,0,0,0,0,0,0,0,0,0
0,0,0,0,0,0,0,0,0,0,0,0,0,0,0,0,0,0,0,0,0.011779085,0.605565766,0.096386157,0,0,0,0,0,0,0,0,0,0,0,-0.001229247,0,0,0,0,0,0,0,0,0,0,0,0
0,0,0,0,0,0,0,0,0,0,0,0,0,0,0,0,0,0,0,0,0,0.096386157,0.614432788,0,0,0,0,0,0,0,0,0,0,-0.001786077,0,0,0,0,0,0,0,0,0,0,0,0,0
0,0,0,0,0,0,0,0,0,0,0,0,0,0,0,0,0,0,0,0,0,0,0,0.632116086,0,0,0,0,0,0.061716253,0,0,0,0.000345741,0,0,0,0,0,0,0,0,0,0.002399667,0,0,0
0,0,0,0,0,0,0,0,0,0,0,0.046062631,0,0,0,0,0,0,0,0,0,0,0,0,0.501500855,0.000802019,0,0,0,0.079675114,0,0,0,0,0.0014826,0,0,0,0,0,0,0.071211643,0.105941065,0,0,0,0
0,0,0,0.005998218,0,0,0,0,0,0,0,0,0,0,0,0,0,0,0,0,0,0,0,0,0.000802019,0.613872712,0.086698906,0,0,0,0,0,0,0.001433962,-0.001798639,0,0,0,0,0,0,0,0,0,0,0,0
0,0,0,0,0,0,0,0,0,0,0,0,0,0,0,0,0,0,0,0,0,0,0,0,0,0.086698906,0.595436861,0,0,0,0.042454362,0,0,0,0,0,0,0,0,0,0,0,0,0,0,0,0
0,0,0,0,0,0,0,0,0,0,0,0,0,0,0.247966186,0,0,0,0,0,0,0,0,0,0,0,0,0.550398607,0,0,0,0,0,0,-5.97E-05,0,0,0,0,0,0,0,0,0,0,0,0
0,0,0,0,0,0,0,0,0,0,0,0,0,0,0,0,0,0,0,0,0,0,0,0,0,0,0,0,0.651158458,0,0,0,0,0.001829041,0,0,0,0,0.017318374,0,0,0,0,0,0,0,0
0,0,0,0,0,0,0,0,0,0,0,0.112929997,0,0,0,0,0,0,0,0,0,0,0,0.061716253,0.079675114,0,0,0,0,0.516175684,0,0,0,0,0.000792023,0,0,0.000343549,0.00126921,0,0,0.016950845,0,0,0,0,0
0,0,0,0,0,0,0,0,0,0,0,0,0,0,0,0,0,0,0,0,0,0,0,0,0,0,0.042454362,0,0,0,0.635701059,0,0,-0.002692834,0,0,0,0,0,0,0,0,0,0,0,0,0
0,0,0,0,0,0,0,0,0,0,0,0.068446175,0,0,0,0,0,0,0,0,0,0,0,0,0,0,0,0,0,0,0,0.417058431,0.082690611,0.221751983,0.222032378,0,0,0,0,0,0,0,0,0,0,0.011340983,0
0,0,0,0,0,0,0,0,0,0,0,0.001512203,0,0,0,0,0,0,0,0,0,0,0,0,0,0,0,0,0,0,0,0.082690611,0.461451613,0.168404103,0.169117869,0.065050835,0,0,0,0,0,0,0,0,0,0,0
0,-0.000269825,-0.000734015,-0.000608479,0,-0.001963589,0,0,-0.000170755,0,-0.002042363,0.019503994,0,0,0,-0.000413878,0,0,0.002376753,-0.001659075,0,0,-0.001786077,0.000345741,0,0.001433962,0,0,0.001829041,0,-0.002692834,0.221751983,0.168404103,0.340588961,0.33927027,0,0,-0.000811702,0,-0.001607636,0.001403773,0.001533839,-0.00079693,0,0,0,-0.000151114
-0.003268401,0,0,0,0,0,0.002454325,-0.001548798,0.002539442,0.000828673,0,0.016665818,-0.000611992,0,0.000533968,0,0,0.004298713,0,0,-0.000712971,-0.001229247,0,0,0.0014826,-0.001798639,0,-5.97E-05,0,0.000792023,0,0.222032378,0.169117869,0.33927027,0.339522302,0.007017197,0.00325245,0,0.003610076,0,0,0,0.00056143,0.001138658,-7.19E-05,-0.002885251,0
0,0,0,0,0,0,0,0,0,0,0,0,0,0,0,0,0,0,0,0,0,0,0,0,0,0,0,0,0,0,0,0,0.065050835,0,0.007017197,0.59842155,0,0,0,0,0,0,0,0.054499317,0,0,0
0,0,0,0,0,0,0,0,0,0,0,0,0,0,0,0,0,0,0,0,0,0,0,0,0,0,0,0,0,0,0,0,0,0,0.00325245,0,0.618380642,0,0,0,0,0,0,0,0,0.084216177,0
0,0,0.000125769,0,0,0,0,0,0,0,0,0,0,0,0,0,0.000289502,0,0,0,0,0,0,0,0,0,0,0,0,0.000343549,0,0,0,-0.000811702,0,0,0,0.617330293,0.072546389,0,0,0,0,-0.001810775,0,0,0
0,0,0,0,0,0,0,0,0,0,0,0,0,0,0,0,0,0,0,0,0,0,0,0,0,0,0,0,0.017318374,0.00126921,0,0,0,0,0.003610076,0,0,0.072546389,0.608829736,0,0,0,0,0,0,0,0
0.064741595,0,0.010693767,0,0,0,0,0,0,0,0,0,0,0,0,0,0,0.046730876,0,0,0,0,0,0,0,0,0,0,0,0,0,0,0,-0.001607636,0,0,0,0,0,0.585004272,0,0,0,0,0,0,0.023341571
0,0,0,0,0,0,0,0,0,0,0,0,0,0,0,0,0,0,0,0,0,0,0,0,0,0,0,0,0,0,0,0,0,0.001403773,0,0,0,0,0,0,0.665068163,0,0,0,0,0,0
0,0,0,0,0,0,0,0,0,0,0,0.03636839,0,0,0,0,0,0,0,0,0,0,0,0,0.071211643,0,0,0,0,0.016950845,0,0,0,0.001533839,0,0,0,0,0,0,0,0.528682755,0.13051255,0,0,0,0
0,0,0.000138897,0,0,0,0,0,0,0,0,0.003186462,0,0,0,0,0,0,0,0,0,0,0,0,0.105941065,0,0,0,0,0,0,0,0,-0.00079693,0.00056143,0,0,0,0,0,0,0.13051255,0.540162008,0,0,0,0
0,0,0,0,0,0.097004048,0,0,-0.019942951,0,0,0,0,0,0,0,0,0,0,0,0,0,0,0.002399667,0,0,0,0,0,0,0,0,0,0,0.001138658,0.054499317,0,-0.001810775,0,0,0,0,0,0.413784177,0.385429791,0,-0.00329565
0,0,0,0,0,0,-0.01603918,0,0,0,0,0,0,0,0,0,0,0,0,0,0,0,0,0,0,0,0,0,0,0,0,0,0,0,-7.19E-05,0,0,0,0,0,0,0,0,0.385429791,0.496652923,0,0
0,0,0,0,0,0,0,0,0,0,0,0,0,0,0,0,0,0,0,0,0,0,0,0,0,0,0,0,0,0,0,0.011340983,0,0,-0.002885251,0,0.084216177,0,0,0,0,0,0,0,0,0.61462982,0
0.027817649,0,0,0,0,0,0.306684313,0,0,0,0,0,0,0,0,0,0,0,0,0,0,0,0,0,0,0,0,0,0,0,0,0,0,-0.000151114,0,0,0,0,0,0.023341571,0,0,0,-0.00329565,0,0,0.499115741
0.601431834,0,0,0,0,0,0,0,0,0,0,0,0,0,0,0,0,0,0,0,0,0,0,0,0,0,0,0,0,0,0,0,0,0,-0.003142794,0,0,0,0,0.052419126,0,0,0,0,0,0,0.02074525
0,0.642869281,0,0,0,0,0,0,0,0,0,0,0,0,0,0,0,0,0,0,0,0,0,0,0,0,0,0,0,0,0,0,0,-0.00020287,0,0,0,0,0,0,0,0,0,0,0,0,0
0,0,0.453566875,0.437480276,0,0,0,0,0,0,0,0.00056042,0,0,0,0,-0.001791031,0,0,0,0,0,0,0,0,0,0,0,0,0,0,0,0,-0.000662322,0,0,0,0,0,0.009621984,0,0,0,0,0,0,0
0,0,0.437480276,0.446950381,0.018574897,0,0,0,0,0,0,0,-0.000681777,0,0,0,0.002770257,0,0,0,0,0,0,0,0,0.004934059,0,0,0,0,0,0,0,-0.000544411,0,0,0,0,0,0,0,0,0,0,0,0,0
0,0,0,0.018574897,0.635434189,0,0,0,0,0,0,0,0,0,0,0,0,0,0,0,0,0,0,0,0,0,0,0,0,0,0,0,0,0,0,0,0,0,0,0,0,0,0,0,0,0,0
0,0,0,0,0,0.563792471,0.063983432,0,0,0,0,0,0,0,0,0,0,0,0,0,0,0,0,0,0,0,0,0,0,0,0,0,0,-0.001727134,0,0,0,0,0,0,0,0,0,0.091670459,0,0,0
0,0,0,0,0,0.063983432,0.448869445,0,0.081419856,0,0,0,0,0,0,0,0,0,0,0,0,0,0,0,0,0,0,0,0,0,0,0,0,0,0.002355589,0,0,0,0,0,0,0,0,0,-0.012652973,0,0.291313173
0,0,0,0,0,0,0,0.557065422,0.127665756,-0.05074032,0,0,0,0,0,0,0,0,0,0,0,0,0,0,0,0,0,0,0,0,0,0,0,0,-0.001543468,0,0,0,0,0,0,0,0,0,0,0,0
0,0,0,0,0,0,0.081419856,0.127665756,0.459042714,0.192802447,0,0,0,0,0,0,0,0,0,0,0,0,0,0,0,0,0,0,0,0,0,0,0,-0.000752503,0.001904323,0,0,0,0,0,0,0,0,-0.019069764,0,0,0
0,0,0,0,0,0,0,-0.05074032,0.192802447,0.529556541,0,0,0,0,0,0,0,0,0,0,0,0,0,0,0,0,0,0,0,0,0,0,0,0,0.000696892,0,0,0,0,0,0,0,0,0,0,0,0
0,0,0,0,0,0,0,0,0,0,0.644604304,0,0,0,0,0,0,0,0,0,0,0,0,0,0,0,0,0,0,0,0,0,0,-0.001972479,0,0,0,0,0,0,0,0,0,0,0,0,0
0,0,0.00056042,0,0,0,0,0,0,0,0,0.475226449,0,0,0,0,0,0,0.045438127,0,0,0,0,0,0.041276085,0,0,0,0,0.10823239,0,0.059616092,0,0.009037193,0.006204542,0,0,0,0,0,0,0.030109852,0,0,0,0,0
0,0,0,-0.000681777,0,0,0,0,0,0,0,0,0.645636563,0,0,0,0,0,0,0,0,0,0,0,0,0,0,0,0,0,0,0,0,0,-0.000575883,0,0,0,0,0,0,0,0,0,0,0,0
0,0,0,0,0,0,0,0,0,0,0,0,0,0.644705246,0,0,0,0,0,0,0,0,0,0,0,0,0,0,0,0,0,0,0,0,0,0,0,0,0,0,0,0,0,0,0,0,0
0,0,0,0,0,0,0,0,0,0,0,0,0,0,0.532611708,0,0,0,0,0,0,0,0,0,0,0,0,0.230326207,0,0,0,0,0,0,0.000449368,0,0,0,0,0,0,0,0,0,0,0,0
0,0,0,0,0,0,0,0,0,0,0,0,0,0,0,0.573834758,0.068782199,0.033851912,0,0,0.014934444,0,0,0,0,0,0,0,0,0,0,0,0,-0.000215794,0,0,0,0,0,0,0,0,0,0,0,0,0
0,0,-0.001791031,0.002770257,0,0,0,0,0,0,0,0,0,0,0,0.068782199,0.514031947,0.170510206,0,0,0,0,0,0,0,0,0,0,0,0,0,0,0,0,0,0,0,0,0,0,0,0,0,0,0,0,0
0,0,0,0,0,0,0,0,0,0,0,0,0,0,0,0.033851912,0.170510206,0.513959765,0,0,0,0,0,0,0,0,0,0,0,0,0,0,0,0,0.004254843,0,0,0,0,0.037033426,0,0,0,0,0,0,0
0,0,0,0,0,0,0,0,0,0,0,0.045438127,0,0,0,0,0,0,0.622001355,0,0,0,0,0,0,0,0,0,0,0,0,0,0,0.002211153,0,0,0,0,0,0,0,0,0,0,0,0,0
0,0,0,0,0,0,0,0,0,0,0,0,0,0,0,0,0,0,0,0.645006115,0,0,0,0,0,0,0,0,0,0,0,0,0,-0.001531315,0,0,0,0,0,0,0,0,0,0,0,0,0
0,0,0,0,0,0,0,0,0,0,0,0,0,0,0,0.014934444,0,0,0,0,0.630074268,0,0,0,0,0,0,0,0,0,0,0,0,0,-0.000583336,0,0,0,0,0,0,0,0,0,0,0,0
0,0,0,0,0,0,0,0,0,0,0,0,0,0,0,0,0,0,0,0,0,0.595939289,0.082149639,0,0,0,0,0,0,0,0,0,0,0,-0.001192998,0,0,0,0,0,0,0,0,0,0,0,0
0,0,0,0,0,0,0,0,0,0,0,0,0,0,0,0,0,0,0,0,0,0.082149639,0.599241271,0,0,0,0,0,0,0,0,0,0,-0.001657564,0,0,0,0,0,0,0,0,0,0,0,0,0
0,0,0,0,0,0,0,0,0,0,0,0,0,0,0,0,0,0,0,0,0,0,0,0.617330897,0,0,0,0,0,0.05047596,0,0,0,0.000344448,0,0,0,0,0,0,0,0,0,0,0,0,0
0,0,0,0,0,0,0,0,0,0,0,0.041276085,0,0,0,0,0,0,0,0,0,0,0,0,0.492349561,0,0,0,0,0.07143865,0,0,0,0,0.001432739,0,0,0,0,0,0,0.062361809,0.095515115,0,0,0,0
0,0,0,0.004934059,0,0,0,0,0,0,0,0,0,0,0,0,0,0,0,0,0,0,0,0,0,0.599426543,0.07317757,0,0,0,0,0,0,0.003099379,0,0,0,0,0,0,0,0,0,0,0,0,0
0,0,0,0,0,0,0,0,0,0,0,0,0,0,0,0,0,0,0,0,0,0,0,0,0,0.07317757,0.585377429,0,0,0,0.029771586,0,0,0,0,0,0,0,0,0,0,0,0,0,0,0,0
0,0,0,0,0,0,0,0,0,0,0,0,0,0,0.230326207,0,0,0,0,0,0,0,0,0,0,0,0,0.532800764,0,0,0,0,0,0,-1.77E-05,0,0,0,0,0,0,0,0,0,0,0,0
0,0,0,0,0,0,0,0,0,0,0,0,0,0,0,0,0,0,0,0,0,0,0,0,0,0,0,0,0.637484459,0,0,0,0,0.00171366,0,0,0,0,0.004547111,0,0,0,0,0,0,0,0
0,0,0,0,0,0,0,0,0,0,0,0.10823239,0,0,0,0,0,0,0,0,0,0,0,0.05047596,0.07143865,0,0,0,0,0.507912781,0,0,0,0,0.000798774,0,0,0,0,0,0,0.009772026,0,0,0,0,0
0,0,0,0,0,0,0,0,0,0,0,0,0,0,0,0,0,0,0,0,0,0,0,0,0,0,0.029771586,0,0,0,0.62220287,0,0,-0.002622326,0,0,0,0,0,0,0,0,0,0,0,0,0
0,0,0,0,0,0,0,0,0,0,0,0.059616092,0,0,0,0,0,0,0,0,0,0,0,0,0,0,0,0,0,0,0,0.404287587,0.068538435,0.203494915,0.20391082,0,0,0,0,0,0,0,0,0,0,0.00026883,0
0,0,0,0,0,0,0,0,0,0,0,0,0,0,0,0,0,0,0,0,0,0,0,0,0,0,0,0,0,0,0,0.068538435,0.451970195,0.154305718,0.154917278,0.055076283,0,0,0,0,0,0,0,0,0,0,0
0,-0.00020287,-0.000662322,-0.000544411,0,-0.001727134,0,0,-0.000752503,0,-0.001972479,0.009037193,0,0,0,-0.000215794,0,0,0.002211153,-0.001531315,0,0,-0.001657564,0.000344448,0,0.003099379,0,0,0.00171366,0,-0.002622326,0.203494915,0.154305718,0.323454011,0.322183567,0,0,-0.000709401,0,-0.001480375,0.001313497,0.001499967,0,0,0,0,-0.000129851
-0.003142794,0,0,0,0,0,0.002355589,-0.001543468,0.001904323,0.000696892,0,0.006204542,-0.000575883,0,0.000449368,0,0,0.004254843,0,0,-0.000583336,-0.001192998,0,0,0.001432739,0,0,-1.77E-05,0,0.000798774,0,0.20391082,0.154917278,0.322183567,0.322469949,0.006706514,0.003185219,0,0.003554573,0,0,0,0.001271575,0.001096421,0,-0.002905067,0
0,0,0,0,0,0,0,0,0,0,0,0,0,0,0,0,0,0,0,0,0,0,0,0,0,0,0,0,0,0,0,0,0.055076283,0,0.006706514,0.583709304,0,0,0,0,0,0,0,0.050891669,0,0,0
0,0,0,0,0,0,0,0,0,0,0,0,0,0,0,0,0,0,0,0,0,0,0,0,0,0,0,0,0,0,0,0,0,0,0.003185219,0,0.604249136,0,0,0,0,0,0,0,0,0.068613709,0
0,0,0,0,0,0,0,0,0,0,0,0,0,0,0,0,0,0,0,0,0,0,0,0,0,0,0,0,0,0,0,0,0,-0.000709401,0,0,0,0.605237258,0.059533196,0,0,0,0,0,0,0,0
0,0,0,0,0,0,0,0,0,0,0,0,0,0,0,0,0,0,0,0,0,0,0,0,0,0,0,0,0.004547111,0,0,0,0,0,0.003554573,0,0,0.059533196,0.600276201,0,0,0,0,0,0,0,0
0.052419126,0,0.009621984,0,0,0,0,0,0,0,0,0,0,0,0,0,0,0.037033426,0,0,0,0,0,0,0,0,0,0,0,0,0,0,0,-0.001480375,0,0,0,0,0,0.576721357,0,0,0,0,0,0,0.018968042
0,0,0,0,0,0,0,0,0,0,0,0,0,0,0,0,0,0,0,0,0,0,0,0,0,0,0,0,0,0,0,0,0,0.001313497,0,0,0,0,0,0,0.645481247,0,0,0,0,0,0
0,0,0,0,0,0,0,0,0,0,0,0.030109852,0,0,0,0,0,0,0,0,0,0,0,0,0.062361809,0,0,0,0,0.009772026,0,0,0,0.001499967,0,0,0,0,0,0,0,0.520284019,0.119867749,0,0,0,0
0,0,0,0,0,0,0,0,0,0,0,0,0,0,0,0,0,0,0,0,0,0,0,0,0.095515115,0,0,0,0,0,0,0,0,0,0.001271575,0,0,0,0,0,0,0.119867749,0.527588375,0,0,0,0
0,0,0,0,0,0.091670459,0,0,-0.019069764,0,0,0,0,0,0,0,0,0,0,0,0,0,0,0,0,0,0,0,0,0,0,0,0,0,0.001096421,0.050891669,0,0,0,0,0,0,0,0.399182259,0.369171464,0,-0.003461794
0,0,0,0,0,0,-0.012652973,0,0,0,0,0,0,0,0,0,0,0,0,0,0,0,0,0,0,0,0,0,0,0,0,0,0,0,0,0,0,0,0,0,0,0,0,0.369171464,0.477065344,0,0
0,0,0,0,0,0,0,0,0,0,0,0,0,0,0,0,0,0,0,0,0,0,0,0,0,0,0,0,0,0,0,0.00026883,0,0,-0.002905067,0,0.068613709,0,0,0,0,0,0,0,0,0.604684978,0
0.02074525,0,0,0,0,0,0.291313173,0,0,0,0,0,0,0,0,0,0,0,0,0,0,0,0,0,0,0,0,0,0,0,0,0,0,-0.000129851,0,0,0,0,0,0.018968042,0,0,0,-0.003461794,0,0,0.484790437
0.592008331,0,0,0,0,0,0,0,0,0,0,0,0,0,0,0,0,0,0,0,0,0,0,0,0,0,0,0,0,0,0,0,0,0,-0.003006207,0,0,0,0,0.041699683,0,0,0,0,0,0,0.014152367
0,0.626091182,0,0,0,0,0,0,0,0,0,0,0,0,0,0,0,0,0,0,0,0,0,0,0,0,0,0,0,0,0,0,0,-0.000164668,0,0,0,0,0,0,0,0,0,0,0,0,0
0,0,0.435059809,0.419196816,0,0,0,0,0,0,0,0,0,0,0,0,-0.000652967,0,0,0,0,0,0,0,0,0,0,0,0,0,0,0,0,-0.000599021,0,0,0,0,0,0.008609195,0,0,0,0,0,0,0
0,0,0.419196816,0.428929356,0.017595878,0,0,0,0,0,0,0,-1.58E-05,0,0,0,0.00310585,0,0,0,0,0,0,0,0,0.004148958,0,0,0,0,0,0,0,-0.000491777,0,0,0,0,0,0,0,0,0,0,0,0,0
0,0,0,0.017595878,0.617981021,0,0,0,0,0,0,0,0,0,0,0,0,0,0,0,0,0,0,0,0,0,0,0,0,0,0,0,0,0,0,0,0,0,0,0,0,0,0,0,0,0,0
0,0,0,0,0,0.552538391,0.051404091,0,0,0,0,0,0,0,0,0,0,0,0,0,0,0,0,0,0,0,0,0,0,0,0,0,0,-0.001529426,0,0,0,0,0,0,0,0,0,0.087467905,0,0,0
0,0,0,0,0,0.051404091,0.436626534,0,0.07612276,0,0,0,0,0,0,0,0,0,0,0,0,0,0,0,0,0,0,0,0,0,0,0,0,0,0.002249676,0,0,0,0,0,0,0,0,0,-0.009303147,0,0.277796496
0,0,0,0,0,0,0,0.547786335,0.11596894,-0.039287131,0,0,0,0,0,0,0,0,0,0,0,0,0,0,0,0,0,0,0,0,0,0,0,0,-0.001557824,0,0,0,0,0,0,0,0,0,0,0,0
0,0,0,0,0,0,0.07612276,0.11596894,0.448720375,0.178098171,0,0,0,0,0,0,0,0,0,0,0,0,0,0,0,0,0,0,0,0,0,0,0,-0.001703296,0.000915791,0,0,0,0,0,0,0,0,-0.018003289,0,0,0
0,0,0,0,0,0,0,-0.039287131,0.178098171,0.518926665,0,0,0,0,0,0,0,0,0,0,0,0,0,0,0,0,0,0,0,0,0,0,0,0,0.000542592,0,0,0,0,0,0,0,0,0,0,0,0
0,0,0,0,0,0,0,0,0,0,0.626932755,0,0,0,0,0,0,0,0,0,0,0,0,0,0,0,0,0,0,0,0,0,0,-0.001913685,0,0,0,0,0,0,0,0,0,0,0,0,0
0,0,0,0,0,0,0,0,0,0,0,0.476548231,0,0,0,0,0,0,0.035952067,0,0,0,0,0,0.036564532,0,0,0,0,0.103051163,0,0.052613301,0,0.002804472,0,0,0,0,0,0,0,0.024526377,0,0,0,0,0
0,0,0,-1.58E-05,0,0,0,0,0,0,0,0,0.628000103,0,0,0,0,0,0,0,0,0,0,0,0,0,0,0,0,0,0,0,0,0,-0.000540109,0,0,0,0,0,0,0,0,0,0,0,0
0,0,0,0,0,0,0,0,0,0,0,0,0,0.627364039,0,0,0,0,0,0,0,0,0,0,0,0,0,0,0,0,0,0,0,0,0,0,0,0,0,0,0,0,0,0,0,0,0
0,0,0,0,0,0,0,0,0,0,0,0,0,0,0.517159376,0,0,0,0,0,0,0,0,0,0,0,0,0.214825944,0,0,0,0,0,0,0.000364239,0,0,0,0,0,0,0,0,0,0,0,0
0,0,0,0,0,0,0,0,0,0,0,0,0,0,0,0.570140804,0.057769601,0.02362795,0,0,0.002682214,0,0,0,0,0,0,0,0,0,0,0,0,-2.12E-05,0,0,0,0,0,0,0,0,0,0,0,0,0
0,0,-0.000652967,0.00310585,0,0,0,0,0,0,0,0,0,0,0,0.057769601,0.502545428,0.159979028,0,0,0,0,0,0,0,0,0,0,0,0,0,0,0,0,0,0,0,0,0,0,0,0,0,0,0,0,0
0,0,0,0,0,0,0,0,0,0,0,0,0,0,0,0.02362795,0.159979028,0.506598012,0,0,0,0,0,0,0,0,0,0,0,0,0,0,0,0,0.00422145,0,0,0,0,0.028083258,0,0,0,0,0,0,0
0,0,0,0,0,0,0,0,0,0,0,0.035952067,0,0,0,0,0,0,0.608377563,0,0,0,0,0,0,0,0,0,0,0,0,0,0,0.002056603,0,0,0,0,0,0,0,0,0,0,0,0,0
0,0,0,0,0,0,0,0,0,0,0,0,0,0,0,0,0,0,0,0.627352078,0,0,0,0,0,0,0,0,0,0,0,0,0,-0.00141622,0,0,0,0,0,0,0,0,0,0,0,0,0
0,0,0,0,0,0,0,0,0,0,0,0,0,0,0,0.002682214,0,0,0,0,0.619594598,0,0,0,0,0,0,0,0,0,0,0,0,0,-0.000467276,0,0,0,0,0,0,0,0,0,0,0,0
0,0,0,0,0,0,0,0,0,0,0,0,0,0,0,0,0,0,0,0,0,0.584135033,0.06918835,0,0,0,0,0,0,0,0,0,0,0,-0.001158477,0,0,0,0,0,0,0,0,0,0,0,0
0,0,0,0,0,0,0,0,0,0,0,0,0,0,0,0,0,0,0,0,0,0.06918835,0.586102563,0,0,0,0,0,0,0,0,0,0,-0.001545506,0,0,0,0,0,0,0,0,0,0,0,0,0
0,0,0,0,0,0,0,0,0,0,0,0,0,0,0,0,0,0,0,0,0,0,0,0.603610225,0,0,0,0,0,0.040665139,0,0,0,0.00032943,0,0,0,0,0,0,0,0,0,0,0,0,0
0,0,0,0,0,0,0,0,0,0,0,0.036564532,0,0,0,0,0,0,0,0,0,0,0,0,0.484823645,0,0,0,0,0.064390906,0,0,0,0,0.001387117,0,0,0,0,0,0,0.055199726,0.086139524,0,0,0,0
0,0,0,0.004148958,0,0,0,0,0,0,0,0,0,0,0,0,0,0,0,0,0,0,0,0,0,0.586609594,0.061218259,0,0,0,0,0,0,0.002952488,0,0,0,0,0,0,0,0,0,0,0,0,0
0,0,0,0,0,0,0,0,0,0,0,0,0,0,0,0,0,0,0,0,0,0,0,0,0,0.061218259,0.576991147,0,0,0,0.018533845,0,0,0,0,0,0,0,0,0,0,0,0,0,0,0,0
0,0,0,0,0,0,0,0,0,0,0,0,0,0,0.214825944,0,0,0,0,0,0,0,0,0,0,0,0,0.517338138,0,0,0,0,0,0,0,0,0,0,0,0,0,0,0,0,0,0,0
0,0,0,0,0,0,0,0,0,0,0,0,0,0,0,0,0,0,0,0,0,0,0,0,0,0,0,0,0.623703474,0,0,0,0,0.001575142,0,0,0,0,0,0,0,0,0,0,0,0,0
0,0,0,0,0,0,0,0,0,0,0,0.103051163,0,0,0,0,0,0,0,0,0,0,0,0.040665139,0.064390906,0,0,0,0,0.501245553,0,0,0,0,0.000820653,0,0,0,0,0,0,0.003654272,0,0,0,0,0
0,0,0,0,0,0,0,0,0,0,0,0,0,0,0,0,0,0,0,0,0,0,0,0,0,0,0.018533845,0,0,0,0.610035484,0,0,-0.00255392,0,0,0,0,0,0,0,0,0,0,0,0,0
0,0,0,0,0,0,0,0,0,0,0,0.052613301,0,0,0,0,0,0,0,0,0,0,0,0,0,0,0,0,0,0,0,0.391513305,0.057463169,0.189727965,0.190189671,0,0,0,0,0,0,0,0,0,0,0,0
0,0,0,0,0,0,0,0,0,0,0,0,0,0,0,0,0,0,0,0,0,0,0,0,0,0,0,0,0,0,0,0.057463169,0.443607596,0.141448905,0.141963839,0.045824513,0,0,0,0,0,0,0,0,0,0,0
0,-0.000164668,-0.000599021,-0.000491777,0,-0.001529426,0,0,-0.001703296,0,-0.001913685,0.002804472,0,0,0,-2.12E-05,0,0,0.002056603,-0.00141622,0,0,-0.001545506,0.00032943,0,0.002952488,0,0,0.001575142,0,-0.00255392,0.189727965,0.141448905,0.308974637,0.307729882,0,0,-0.000617715,0,-0.001363894,0.001234825,0.001468248,0,0,0,0,-0.00010267
-0.003006207,0,0,0,0,0,0.002249676,-0.001557824,0.000915791,0.000542592,0,0,-0.000540109,0,0.000364239,0,0,0.00422145,0,0,-0.000467276,-0.001158477,0,0,0.001387117,0,0,0,0,0.000820653,0,0.190189671,0.141963839,0.307729882,0.308029426,0.006455419,0.00311416,0,0.003481599,0,0,0,0.001165935,0.001014299,0,-0.002838931,0
0,0,0,0,0,0,0,0,0,0,0,0,0,0,0,0,0,0,0,0,0,0,0,0,0,0,0,0,0,0,0,0,0.045824513,0,0.006455419,0.571003041,0,0,0,0,0,0,0,0.04753352,0,0,0
0,0,0,0,0,0,0,0,0,0,0,0,0,0,0,0,0,0,0,0,0,0,0,0,0,0,0,0,0,0,0,0,0,0,0.00311416,0,0.591432832,0,0,0,0,0,0,0,0,0.055711107,0
0,0,0,0,0,0,0,0,0,0,0,0,0,0,0,0,0,0,0,0,0,0,0,0,0,0,0,0,0,0,0,0,0,-0.000617715,0,0,0,0.593511487,0.04734536,0,0,0,0,0,0,0,0
0,0,0,0,0,0,0,0,0,0,0,0,0,0,0,0,0,0,0,0,0,0,0,0,0,0,0,0,0,0,0,0,0,0,0.003481599,0,0,0.04734536,0.591394375,0,0,0,0,0,0,0,0
0.041699683,0,0.008609195,0,0,0,0,0,0,0,0,0,0,0,0,0,0,0.028083258,0,0,0,0,0,0,0,0,0,0,0,0,0,0,0,-0.001363894,0,0,0,0,0,0.569971849,0,0,0,0,0,0,0.015172583
0,0,0,0,0,0,0,0,0,0,0,0,0,0,0,0,0,0,0,0,0,0,0,0,0,0,0,0,0,0,0,0,0,0.001234825,0,0,0,0,0,0,0.627646775,0,0,0,0,0,0
0,0,0,0,0,0,0,0,0,0,0,0.024526377,0,0,0,0,0,0,0,0,0,0,0,0,0.055199726,0,0,0,0,0.003654272,0,0,0,0.001468248,0,0,0,0,0,0,0,0.513536069,0.110123315,0,0,0,0
0,0,0,0,0,0,0,0,0,0,0,0,0,0,0,0,0,0,0,0,0,0,0,0,0.086139524,0,0,0,0,0,0,0,0,0,0.001165935,0,0,0,0,0,0,0.110123315,0.51531344,0,0,0,0
0,0,0,0,0,0.087467905,0,0,-0.018003289,0,0,0,0,0,0,0,0,0,0,0,0,0,0,0,0,0,0,0,0,0,0,0,0,0,0.001014299,0.04753352,0,0,0,0,0,0,0,0.385960011,0.354824165,0,-0.003260526
0,0,0,0,0,0,-0.009303147,0,0,0,0,0,0,0,0,0,0,0,0,0,0,0,0,0,0,0,0,0,0,0,0,0,0,0,0,0,0,0,0,0,0,0,0,0.354824165,0.459802972,0,0
0,0,0,0,0,0,0,0,0,0,0,0,0,0,0,0,0,0,0,0,0,0,0,0,0,0,0,0,0,0,0,0,0,0,-0.002838931,0,0.055711107,0,0,0,0,0,0,0,0,0.591919616,0
0.014152367,0,0,0,0,0,0.277796496,0,0,0,0,0,0,0,0,0,0,0,0,0,0,0,0,0,0,0,0,0,0,0,0,0,0,-0.00010267,0,0,0,0,0,0.015172583,0,0,0,-0.003260526,0,0,0.472676941
